Rank,SolanaTokenId,TokenId
7065,HbLc1rEjRnu7g5wxYf3Dnr9BvPTvFXCrYHuepm5FE39m,9998
57,9b8GMYGhDYJ8rCm5H9TuXQoq9H6tpzgDbEMMNK27jzLY,9999
8974,FTvg3UkkCfFNyyEZxVvYF7v2LGP7rvaHmGqvRubDuBoA,9000
1726,7wgaR95ctsgomitFrZrPuJce9a9riQqQr4Vd1mjRbUSx,9001
9305,BTqFj5TNWKLux9JmNie4jv1EwwhdLHo9iF7c6gSjUVwF,9002
7611,HxTZ5t2hq2RqMPPzU6Mc3AoPtMMiHVZ8hwQKzuq6Y9cL,9003
6739,DnJGDNBJzjPZwgm59Vya6mirnpUgFnkoQK3scV5vkxMS,9004
728,HSfnVVkoTKfxLsnAc2agYuojs5tfKQ1Gsi9xu2y5FKCB,9005
8500,8xaoiZyZf1G57WsxfPrDkoMrRFVvH8LwRjd8ZGu1ERvX,9006
1209,HBDxWgMC8vytKhfaXULvK8vHV1REZAPRhwtg4EfJApu3,9007
1080,8Amtj4Bu8Le86f3HhaaGtBkYPJ3VxGygi2jQK1nmJ8JP,9008
6181,A4uWq5dnMqmLu29rMRQqXGhzmdZ3rYfSiDHXNGo1RPKJ,9009
1801,BTYc8VyPynjpUzf8kxyiHDNSgfkUEA2s4xwW67VmrEr4,9010
6229,frYTYFg2EgMrrXP9TkonN2Y93Mu3DTT9Zk2BsVQesot,9011
3919,68Eam84d3j3sB5ZGSSpixieoR5UiMx4Pj9f65bjHehLM,9012
7050,66H8RNw7C1dQefYVEPeVsPjYqWwNQhczYmLBqFZZLoLf,9013
3843,4zGdbzidCmnfcB2gK4K6vVNdbE7czADc9UwXKuyxTX17,9014
593,BjbiEbgi22PfHJih7nhrUbnNra3e2x9Dg1v4QUvcY8ZW,9015
3008,AYzG1ysXmzhfYv6A3gUj2Tw98W6bCb2nbr41XSpywx5H,9018
1336,W49Zg3EworZDBf3M81XzmyZX2fz5XYj4N843gLhcxCK,9016
4506,2wFwbvbD8ewfk1yyTwLPHS7MoaRLjE3vxeYLMpf9JCAx,9019
7808,iunGkNHi4aexP7RyevMn1GgEWaqHmAzzESzEoaANfGg,9020
452,3oQ61kf1b6wiYPgDiNTnrXZ21uQDhuJeiJ1X3B82sbXM,9021
3334,bUyg69ykZLNjXihvTS8KQhiXicZWp2cLYPU69M7QnU1,9022
7312,Hi3KG2D6sGCDMX8e9pbNknNFavnYnZF3GPSLqmrr9WvB,9023
1098,4ooQVnAxwaAeyFDNUitAJfvsAk7pm5Ed83YHXDyLoLsJ,9024
7293,7nLLXrpCbG8wuaADPSDDmvqgqSun1aDFFvvRADMSnZPR,9025
6121,3WivK8x4fs2r2NczR7vf8joUwLL3AfxsxtkMC4Wo34oH,9026
6120,7JQX7cGw7LwBhuq94Z7P8mkTpyiqVCRdHC1TqXzEhTcY,9027
1688,5wRzsA9sCyrXsxeMg6QVyutxbo71rpzFPCFTiU9DD38o,9028
1693,g7X8976omgzEXDLXHCR1xgiSA5b8JWaSDqKzRnUpmUZ,9029
3183,6FaoQro7xgDGE63iytQuistaTn4SJ7JiD3k4DEv16CPq,9030
2720,Ck6Bcov6NYX63xt5WSqwpV51wBi9YcEbAcVvUkUCc1hK,9017
2003,2tQvfmVktETFhnUpxAFAYBUMqPF3CDuCht4MBdaDQTDS,9034
4485,Fmq2x2osv996mpkTRh6KtAsETAbrW9CQZp51nBrxKeM7,9031
3225,xegTEUyLB8Bh5n9W9FudAi7paHmQ5Zckpf7zSMyQzeL,9032
1303,H8DwQD8zduoeVd8oevMcMzUB5ScYyNf5ghdKTfRaKM9,9036
1792,9N9r9SvK8vT2XjcM2KkZ5WzFzCJNSKGQm5DEVQBPhAmY,9033
3625,AzcxVTZzSfeMnT5Rn78fGe4bZf4LwFS9fFHNGBYVhtcX,9037
6836,BKiYMeJoFUEvV9ZJbUHEe7RurPG9f7DejUbu8gFmm36K,9050
7456,CVuH8cMkX3HbFhPrpbyZJyauHwxoY2oyAWj9DXFctPaW,9038
3398,Ls2Ga8mofAMM6s3HrovA9N4NZMsKjhM4mecSmExAgHf,9051
377,GKCSxKowHRf6fVdka2wf5A1XtUFBd5iS3WhB4HxhAudU,9052
396,,9039
3058,HtwREexPNsfMC3RWsXWPwv8qnXNNXzuZWcSdRhKRwEwL,9040
2962,7ft4wot3AXUWLLfu5xG7iWdr5ydHCKJQn6y1mbqYtgBq,9041
2179,Fk5FvPLb68ySc9GtPn3fsAAHCU5XEdqShCKn5Y6pF46v,9042
2163,DQq9LkJGKmM7SHb8dCiDhzGLeEC5G7GFeyquhJNj7ZvM,9043
4341,AX2Kzfhy7cLZiBKYTTJvaQGr9jSYc6RLXP6MsdTjNWaa,9044
6126,FkCJDeqves5K9pytXQjYrt33ZxNxfz2W7bGcr4dhc2US,9045
8346,JDMQcxpqfcQRusKoLjadeMCtdmWPFoyy9SqYfTkFpH3b,9046
1788,9T1o8CsEancjLB3zjvrX7nbdssSmTVkFL3GpPuA7s6w3,9047
2289,FYdf1tsCfyYdEWUYVacyJTFMXPrxdJKrCNdtn5ZusMYq,9048
3979,GBqeFVzjyxJwucxvQm7ZdxcZw2oV9x1YnKNzD3hFDYMD,9049
2361,GYQJ82rmbY5zNAxAdwcc9EQTTym6SDvSZVXme6dVNv3L,9066
7769,EgHyMUVyghGsKbNqENLCgtnM8yYfYnWKSPReVEm5WJpA,9067
1325,HadrTJD26eVugPFEwVxVHbq1sFLwPwtAx85bwmSXAg9p,9068
2470,CcifPZeNUKAwkWC6bh5vnUY11i9QwSwfzbsmvRzSKba8,9069
9505,BVuKcGRNo4UUriwatm4PrtszWwkDp97gVmCRAJ3M15hL,9070
3472,EErtVSZBueMtoCR9ZtzLgdGamZLH3gnnVYqupKvPsbQ3,9071
3209,BjF7Ek7BoFYzZ32kz3UbP1hcKjp7kAbAhV6ogC55BcL6,9072
980,HiSR16FwEPiApTtqxJ7XeFBStJeEV4WWWo8knX2ptPfN,9053
788,89WyboEscffYk48tqNgi7r1vPaFNkaB9vVJBU9tX6or3,9073
7654,24vjJ2G8aXNz9ENhbhUzeUkJZhTnmW5jmv5cccCjWzrJ,9054
9658,9qWMkspUsAiQfmQqu5tjCqqkUbQyAKrnGSQU7aGyxoPv,9055
9884,83sH2z3LwAJtaSJ7eaxMJWCTXMDjUo1NCQqMfKZX7GM1,9074
6265,HFuNCqwtqAefChXPujkD2qmHXQ7Kau9672iXw2Fub5Gr,9056
7557,CmVdcM1BpeJBgDXT9TjY7m59GEorm7HEomzA7zqGxKSC,9075
1300,AtsgUDcg66JXieqtMHYN2JW6EjsFbypEdVCY8mr9Ua9W,9057
4593,HK9a9x75N4sUexEQMQYVWRKAiq82F7EsS9ZGCDkY2S1u,9076
7336,C7Pb8DtqpHwB4AEUhRjqba99fCQ5HfJ6KzUBjrSXbEcC,9077
416,3cPmNi6UsD2y8hNsug31MWmq2thHKH6zv93yu4JyHQCR,9058
6161,H53ReJLCweezvq8aiQufpPrrHrZs2WF69PGbR4NZiocA,9078
2751,8bqhBPuqAhKCDbDvdoTizgTax47kJKooxQByXzMhWA2R,9059
2025,5ZiqSXW29uQpgvJBXHofWVKYLursXNod731Rx2euFkr2,9060
6688,DK7SZjWqx6kz7SNcGaXw542xnfaYmoA1LCzoeke5X2tz,9079
5581,HN9y4X9tviTfKFimdPTiNjYY3R4F8aiEU6PtqLe6BdL9,9061
3229,EWYbQtfVwNTqDXE6NL1zuyL4btCePvRLDy64rFBiuRQG,9080
1969,H2UDw3JYHnhwbgTRa3czYdAd3P5rjwRE8Ma1MuWWWYu7,9062
1953,CbXoG8szh6vJdCno7NrJdfiuT6a3JxnUfbZePCxVu1Kf,9063
664,Gg59svMtUh7F1a97f2pRLaKmSpLDazuaLMiX6UaVVV8T,9064
796,CBnbEkaVE5FH2ZCERQxY74G41SuSfiU4U2yz2bzNqaXc,9082
397,,9065
4408,6zQoENmVp6pqPPdkTt4WRvoKBXnjeLxWCuFEozaibgW5,9083
53,CwgMHBkkya8bw34deJTTJxFzfcrpekcVEuVXxoi5JzEG,9098
3527,H3dzqege5JYYfams5QCqX7tExHM5bjkPzWjpHwaQpVSx,9084
8204,D5xFxrXdqK6KCx8kU5WUTYjdFRo5iTSL5Yi1nTB8kKuH,9085
5018,47qGAeuERwQ55u1gs3Z3SiorazVRRoeHyDkfSXxJnDF1,9086
2209,8QcvUYJeiBH33fnitWZnbLCmHScLTCmp5yo1doJEPFhS,9087
3788,uqDsfdFSJcBApuozwXJASYefVsgXe7umgznstYAcLwX,9088
379,5krZKhuTBntkkWp5YXtivQz4yRif6AL6VEQ75BeVKLqK,9089
6042,5gyi2tF6LiVXHoGd3RtKt7fHGmXn7NNcgcEzrcNMoAfM,9090
6962,6Ux9HzGdMXMkzmUEMTC1hRM3Rs2ZQ1QtxZ3NFZ46eSgc,9091
5434,75QiRs9FRPKo2iBZnywdv6iTuy2JyiXm8hf6YxVD73yL,9092
5693,DuhNEoC64QzUwoTDvwC8pLZ7saJspZG1fsUgkivzitxT,9093
1835,7TnQQamwMRCc343Pk8dkn6yzHYJDitmPNoq26QfA8KyN,9094
3657,GDsgXoS9B8GXwDRhz3j6757vb2dpF3WFc6p5UvofqT42,9095
2884,51wrevVY5BnKc5Mq9adLkCwN3bSnYUvfCn9nTgDV3S6f,9096
3373,2dZgLvWKR9mg32Rpi4rm1CECPekmcrrPNbgUxxeFdk4j,9097
923,6arG4hEsg8gGccj2euwbiBzMP8TDtnVVoWitMzSGKjyV,9114
2826,FCie6at6ktTemban6A9azn9c7oHRTbghEQ3esUQV1qhC,9115
4462,F3M2mhCqZ8JQzeVdfyV1JEJeEvQ97gMcd3qWe5kTBdRp,9116
9474,6ZG1eLaS9mYFzLYEz4r9RS6WURzq6TD46h6Q5tzuSyh,9117
7136,ALXMGMp2dWCkBpjaMLAFSqq9taRn5u2H9HuTC7j5eUXG,9118
2074,Bv5GHtnZUqUfcdqiJURmE6G9kQfziU7VKaZcBEx4xeUF,9119
6008,7zuVqULEutJLshmhLvxwCrdGzrqNAHRUUoU3BtCgSZGT,9120
1636,CPVrwbFstsRHrvfH3WF8tFvSU8ZEF3sCv7y6fEnrNnDu,9099
2164,DnRcxN3fiuEMFkTusMSruFBUeYJh8upBMgjpm5AhcC29,9121
3563,Gh16aRxKtYtdm9HupX2nQHVgfHnkQBUyJFCjFHtzxMVW,9100
1890,CqQojtHtv17VJVfyuqYJfzYRdGuE7oFWi7Mxs9TCkc8S,9122
5455,8WSfZBKXmShf8Uph1HEp15zf1zzfXXDSmPk6i3Rb1VSe,9101
95,7LKV7f9tNgvZUbcgUjADCkAsUayfYHycj8Uz1QFFJgRE,9123
6929,5Rjb5Xqa9gznpGhrXAoic6wNDkF7D9gSNkwyRE7fBPH8,9102
7116,BkXjPD48oFKmKRGWZSgZqN5QhawKhmLCsskHw7Y8g7Hj,9124
8554,HwWtHpBfYtEGKrFD2MwZ9Cuxi7TuhsYNsqRDVGXPrUvQ,9103
1872,D8jtNiopi482rFNc3UEjdD51hSfLiwG8FBHhfaiktYGx,9125
951,7TsjVn2htqYyRXHJqoG3BWmESHdYqBtUr5hioZTJszav,9104
2475,Fue3yGJY5Ca1HDJEtMUwuHgZjWK2DPjRP4BHkHN9vTRA,9126
1323,4P4jgwcDAhCU5KzKWEZKQVA8SBAWXBprCxXUZ1TMSGDB,9105
242,4jRrWQtbfQxD3nwFAmkpUqBEa2ySWfoAvi7RMKDdMP59,9127
1393,3CEiP4hzUuu3ShbRKcshHq7cJ88PuEry6GgXDpmEmea9,9106
5445,H1hbeBw2pmbSJVNAzsBFPVMJnqW3soMsLvvbYr4NV2vj,9128
2584,DTg71tPqEiG69hkuEaHXvDbCDLEUW82d4THbnWaMofBb,9107
385,,9129
5253,2URsUS3MTAP5NxfEWDdRkBtQn3annkNqCk8GimLegUFA,9108
3695,5nStQpgNvn2u86KP8DJsH5qWzq1UbSFDGpRyjS3EWwBA,9130
8850,BhZuiexFXYQsccwrShTzjP8BNRT5wAt3ZsxXAH59TC68,9109
4030,GNKgdP3Wr5rLRo93capaddnhsJyTrzz4iR55zeJzb8hP,9131
3835,8h9R2gdTV65u4DccHHdG1wKoXD1umuH1sjnW3tKCv9jh,9110
3556,6MqEShFhfk9aUgHjY3gq3gmLJ7AcNh5QBfuFUqrtq682,9111
4922,H9gEoodf4j7WNtUnRLwNwox9fsXjjeNLxqs3hLKgqpaf,9132
9189,9kgRHK2Gpb9PJB9J5ytwEje5cpTmRbJix4Nm3LJJ7LWn,9112
742,7HwHwzRPwrM1wfdiVCdteppj4DTqjEPduyzNDCJmgBuj,9133
6359,8nHK1uWBy4HqkS35oGuYyZPrrM2zP6FWxdd71AnPBzu5,9113
1632,7stHTpuKHyjviAXaQLbMWPDr8bTkUNLvRrZww1ZcEgjK,9146
2646,5YJUNE2oYJ2xixY9zBSgZpjmQkHJAYxn5xVMmTP5D9NV,9135
6307,3UqRy9xgppa6dqs7fhk97soiAK2KjtkLGb2NrAnAT4N9,9147
5385,9EEpiqaZdMfSURAzYXbBh2RDdfp8U8gNPhszjV6DBmek,9136
6481,8iauHyxzG9KAD9f3U9fvWf8oauBARKxiZEb6jNzxepQS,9148
7301,FQW1F3iPT52542MeyB1LtMa7ei8UbRzEbZmfvr19iREW,9137
9179,84xenSCxf1Ug1zeQGpJAm53RrhjQewiJVS1ZnaGvp859,9138
5849,Hft9WfxZMk83ecjTtLaStYqVa1w3kMbFeBJ2s91kLZCV,9139
9005,4hjexJNK66srdKdK5H9f96kzPzdVYtZJpaJohNAnDgCg,9140
2816,3Mo4JcDA11skTij9t2hLfDgNe8JceSdopXoSrxCBQZp4,9141
5517,6qqcFDdyrgwhzngtrQfUGR97v8VvLkKrA25YhWTXkxPW,9142
8265,95iq2HWxNmghQNZRBhC8tdchQ57s5Pk37AdCkdwwcfKh,9143
312,9hfXtAgkg1Dzv1dUSvRaBSfyAJ6Bjp68Go3gnrgGYB23,9144
6130,GcXhcGCvhK8yhaVxHFdemtPusA3vUhHMVjGcs4EvvP6q,9145
965,GXV1iyc2LCGiKeWnNETAkGLsmKReT4AVLG7VN3MhRZWH,9162
8028,5FPQxUcqPr8DXRCVDQDptLvhmSE6EUDK4yDN4Z5CVeEw,9163
7652,4sLdUAmVnqD7ZKuHEEjxWDoKo6YxyZpCB3bRnLxDBbar,9164
544,DcQ5dXoayiJqdVTmECJ2Myj2uQ3FJZB4DA32vSY5ACeT,9165
91,BXHtt3igqcqxfAfkuwuTA3BoBC66RaJkCFL9RfxDzjSv,9166
3188,Dgu7FQZobiUQQr5qMU7JUw6sbeCPUBDmXUsh8h23aa46,9167
1707,675qUiKHRdb2bEd4FJ8rEJiueBufmTZ5CCQTjZNQJBov,9168
1047,4QrKMwjs1G2cWp3TFBEgXEEaEaorEP1WBQ1WGqZJcbkF,9169
2177,Dd2efEiBWDGLhSd1CKz6AoXEW18CJjUZMkkiSqRZteR9,9170
9288,FTU8ReAdzP2VYDu3KMuywFwKQYb88GLj89UnzCVmnfAU,9171
5765,sKmRb8xaAUpZJNCjTTtvgBjpCqREcmMp27nobr324tX,9172
3784,AwCWakMU4jnmCUwY6TzeSRvjUMvYMJNxYWY2FW1stLAs,9173
3500,EBnPNXuCYjE29qYahmLKeBPNj5FT19LzjMR2trWAkZfZ,9149
3564,Bp7p8bRVyCRXW5VE4mkXHBJR37RiuCBhDEMKK6smgHH5,9174
8410,DP8SyZvp3d3GqWkeqmKbRuV9NRJ5CZyfPnEWcRhnmcKA,9150
3109,4B5fPGPwJLioomRbUAYNbpFTmcYJmKK4szHSga2cJvDR,9175
7662,CLZU6sv2TyJQLPiLwmV8BJsegCjvALpXxR8aCH7RHXok,9176
4522,G8RKyWM3roStcrmAuVmW2DyiZCqytMAS6HRqeZHfUX31,9177
215,68VythdCN8rZMdt9NNshvybufjz9qjN3kg5XR1mfwaGD,9178
1307,5vrt3PHTHmFrKE3YCw1bvjRnqngPE817FeEQkrJ1aQ6B,9179
9255,5HBBfQbgdsWA9snrZLbZnMbs2QZkS1g2hKKQDYDqLdNW,9180
1899,GQXRh7ekQz9Gs3vCAGzMqwdoe6f756xF8sXD3fWiYNWr,9181
5161,G6ffdUqsDSHjG1maJYFAypBnxT8PqN7mNPoeJejjxz4J,9182
2263,5LcrfDWXb8vhstdAN6NBqAHFHo7x9VaWzm3dJiU6Ajov,9183
7135,HSgpePP9vW3FzNNYjjezZkWQMaDeyWJG1ggP9pEUCUZJ,9184
5513,EuwV9MgTmcpzUuqBr4kShP4iS53WYLezwu8y4pvp7tCc,9185
3785,HyENc4emMXSzVYSukYGc4DC5PJ4bnTh6PTEr3DsQC5Zu,9186
4272,4LaJqh957LwbDGyrqonVGRqJUweKNmGwEaTE7B1zj7s2,9187
1913,5R5ZtpRz3XrP7ycHwkUG8P62ezkg3Xj43z4JGUMMJ2wT,9188
5312,88ZnFFpG9PyhzP2yNf7zehtK9r9VJyvs7e3gUFQu6WWH,9189
3484,FUXGMGwU8Dnn6eE22QbvRpuHH2NekcpgrYMvkSFPCyyA,9190
4678,EyGLbk8inpNLgJLsmRDJaPmxsQZu6dEovD34Qge9uJ7g,9191
1219,EZr4mt4drSfPHJihrJZzcWXudsaiTCsakykUdzsmMwpw,9192
229,8VsFHxpcFKAaLABKWKenbjkMRdYCaz8P6e1aVPn7QP3Q,9193
6068,6UQESNhibkLVodG12nXYX69EZfV6BS4MYHN4vEU6Xydy,9194
5573,6QWBXWdZ2SpSUvsBkSczArq8PzoJNkzz8ytbLAV8dQAx,9195
8083,D1bo16ySmqwk76W5MZZrySvBE9NfnE8gHrJnJGGmYXf3,9196
682,7ASCeNnLsuSnPZ5vvDJx6Z5wq9Chsbp1TjtiP8gjNqYE,9197
1482,C3y9qbqYTM4XQvxmobaatrBrUMSAsH9XmU4Vj7Dh4zm2,9151
519,5xMbrGeUkiASHt5uwo8kRrFCQEgKX4oggjvG8ZiLpKRh,9198
692,CVLmpuPGPRE561BUmWirJbpZ1nE4XjKZSGUu4oHH9t9k,9152
7211,GGEKAkKcSwUG5GHuKMBzx9k4XpqraYzLHgd3faoiZvsX,9199
2483,5hUAYq7RrVM3ZJZNp1ReNTFbDpTtw471orfk6WkwtFps,9153
8891,4XiuET99hdvqeGzxPCGu7reWGtSZJReJA5JdFEnkNXfR,9200
4050,7GAwMtTDge7kLSYRouTDJcspWjN1zeYYpTpXWZXnhTmU,9154
501,8e8n3NxLG23DDb6vue6oq8D8KGiGE1rg1YxmgfGu9sgp,9201
1705,hHEVyd6sdkqy7EcEW3zPWPG4NNuVGS8W2P36EQ3yc4v,9155
6480,FQ88xNr8ZqRTCeUgwDBabfeZQ6drp5sTVkzQ9TfgcEZv,9156
7536,5h4onrmuMVuWNENwUSxfTYsuCyyGKVQdQ733UKXwo3cq,9202
3888,FGPaDGhyiSgkvpnFNhaB9WR7YcUekWA6nrZBVCX27VfU,9157
5723,En4a1yrJ1Tq4UZ8Z1YcydgoSCdSregx8EzWyKJgQaXam,9203
917,B84ixzYsifgkXCQSk2SDw3sDMtBxNHR7nLzRjHHaRNNZ,9158
4349,DKxe6shHad87N3cnf6wmFNA6TYUr3Ue1XpBwyVXCmCX6,9159
393,JAoYZMhvEhPmu52gBguhK1mWtnanpxjwB8wSQVXQxEEg,9204
7617,7yx8qJqCiWvExHQNoaLJLjQkcMKxLLCzj9WhiaqG8iDK,9160
2883,CjpNGHKs4UoWH1XajHcujaKzK2UCAFaX3GsWbEYKGpcr,9205
5910,HahsCPJhmH3NfPrgmmiHzeu1FPnpnh7jnFR5uaKGpTVg,9161
1469,EdobiW3QKGZruSDvGQWNgL5XswX91nfHHwDPnD2HCotj,9206
5306,CGCD4F8MmqquJLmSkajJTzj5rW1WRduANooiUY6BoSEn,9210
4267,J7qAWhZHA5udKGkeke2inZmN5NAaJumgEtuhjkkaqw4U,9207
2520,B7mX92JYbGcbed6GB7KyBHX5fVJ4EUvjpSkHWuYqAVs7,9211
6406,JAumEmnDR6S4uFbvS39K2dJ8ZaEpd7ZnHQ2pKqpKqCyK,9212
8010,CH6ENL6i11ALzXc4YTfzWBPNiwbFz9RgJMA4EgHwLmvJ,9209
148,B8niodSJDzhkGLHsqyuNUajZHGTACLYvexQBbfbmGnQK,9213
386,,9214
918,GoopUzGQL3hmUDTK9i8L5dXmCzcazrA8vB5hfy4HubK,9226
1832,9LgPYyzCTWo6uXcid1PttZ9xwxpDSi1LiAxYaigivCom,9227
1461,FhLGMZtE5EnpWoS4k8jEX4m9DySzxahC6DpVnedTnGXd,9228
3016,DYQCU8SW9y4dH15kymayFN1dooxYFt5VZR9rMD9PRBnT,9229
2016,D5PK3QaBhDoLU4G2SnG5wvAwZwivAi5kzqNDjEPVqysX,9230
1182,3Hm3jKJpjbAygsTvRgWzywjrAGwySgDwjgHqj6q7rups,9231
3673,CjBWCbd8V5YMqrQHssXSt548ZJkX6eVtE5Qtk5ZDfzqL,9232
5505,FkiwNMHJCzEg2kNiZWmLTnnXYDxtZAWN7S4jQfUYYHYK,9233
6160,A8UB9H1TiCpAnyZnSdMypSjNVDnb4LayNpnWYjP1NpB7,9234
5431,Gx3p4wfcDsNLNmgq6xBWYepL2Tgz6NECDEzJj4PpTCKR,9235
7442,8FbX1DDBs86Foevz6yguovtsjTTxovsMQBYBVY4mxCgj,9236
6633,C5aozkooisVmwfrEZdkzF9NQCFi6iE7uTWaFHT1b7FqN,9237
5309,D3mrvwXkv3oiXaFbTGjnJ6eb4sxetkdFqxHNPnPCFDyj,9238
1275,3sRw7aSUWPqbDPHjtVHpqttnff5KK5gi9Uk2gLCaVuyJ,9239
6677,7esEX5uptwYsGiwzW6MwrQnz1rdqyrhSGF5FU7YGyF6o,9240
5065,5PZuiY3AEja4gLVs1DfTif6RwGziofkzAdGztaF9Gvwt,9241
5489,Eg6f9okc8t92YFjLZe4DsAtzNHHgDNJR4C4hrNHaj9Km,9242
31,7RWGWgbu4Pn7kGc34ayP4TaQYTWVJtra3UCWnKPGWUFJ,9243
2293,8hoiTJ4NaBc4rSqBsb569qjSAe8PL4v1MnGTyTYCrkoc,9244
3501,DM6NqfCJY4UYZL6gxjWveAnm4hKEnckTpKiS159H51pm,9245
6363,HmTFJuC5gnhyqxLqACcoak2otQ8JmuDpaT4X9xeQLuGs,9246
9804,HmvJu1CKHjkgnP248JvVDAvbBxG6s65WUsgfSfd5XWzc,9247
4959,7P6o52w1vn4TL9pxkCHTK9HrCzqAGFpryYTTuWuYqdG7,9248
8235,5Nwz7Ykq6hQaqxV7AW8fdAmzN6ibDMPT2r1PDU1EpMiv,9249
6698,2TmxK8NBM7F2Jb2Rzep7zGEY6GDxrUzVUoBTRwHb4NbD,9216
7045,FXrG5xRGyyKyv7PsRBiD3GpxZfABw2GK6g4eGVYFAXj2,9250
6168,8kVf8FAkZVqQkTWM4jdsc3mfiVgF7s26mQpcFqPt12RN,9217
7373,AhHBhVqUwJ7Fs26vEZdHDoVdkBSiAsRsbjAHqZcf4rSm,9251
4233,E8TLmZdqYf1RCNWQMmxeuYs3N9CVmoDXN7kpw9ZV1cPf,9218
9003,8Dc6GaYBUctnNMmmU6FA2nCtK6BYSgFX4zUbPVsr9JMS,9252
7838,Qz5vySE1pLSxwQ8AexdAXYH9ws847729yzDr2i19qf9,9219
1256,46konUN78Qs8vWZ1KaZTAJb1DH7FvXwVFXsveEw9uMMU,9253
8803,7MvRpBfeYK2R9A8C5zHoJmzpjhKLY6JsWYtwqPu6me2c,9220
327,4FrBaY6KjCXoKD85k9y3AxC11LavY4KjGJTdRHGEW7Hy,9254
1017,9p2ibCobvqXFd4UYV8fZpv8yd3DgTMTvVf9JvqqBwpF4,9221
9483,2YdaNgKFBNQCrXKYFDxhyeM9oZ27PLpE3n68KTxRCkEt,9255
1228,9Q3z9skZQHhcPYfNrnaGhn2YhAEzmvva5tLYphYw4U4H,9222
433,3c6zi78C68DtoSE4KdybCXPx38JXKHWHHXb8BptonNpq,9223
5563,2gyRkA64XyKaRLC7qMi2HfqV86L3XeyEZga7JzDwogQd,9256
3336,5EjHMjEWrfeJ59NVEtdJrgGgiBzqv7VSdbi96q5zYSM3,9224
9269,8LQUNApRmMWYAkRaY5NDH3Z4fXgVGtbx5y7Jx3gD6Lox,9257
5004,CDLsnGA8ZDWCsMrdcTsDT8mgcdeKM36mLZapURya5ZzZ,9225
3523,Djcnttfyou6Pn5o2RSLTfcNqjdtQQRBZbDyFSVFWXeQj,9258
6658,7ocJa5jeTPdJ5XeymQmiWxyAURUpj5BgvrvbSNBMtfpB,9259
2415,UJBSH8MzvBcESWHoSfeFgi8rJFYV4qWLd1wZr7b4QQL,9274
8274,DECKCBVyFs56VgWwXmm7czHj16EyLzBZEXz4qbboxgyf,9260
1721,HwvqjbeTLLzysLrd2sV4PFYzgG7857ZnCTCe9Vng7Gc7,9275
5709,3caVfrMP6jb11mx7cwd7CMMzEDNfQTbJq8kSePMs1dV7,9276
87,6k88XEZeUwSMQphXbfg9opwFv8gjnxDaZC8hzuV4FVT2,9277
2076,G2J7fjKvwnvgpF7WUz8ebo72csc4SbwTTtCZyqMB6WpB,9262
2133,CqqVepeBWjyYRqDfsaBDvRbRsuTdfAztF9zREK6869Ga,9263
7609,HfafQ81S32AjWX6tXbKCAa4jssq8HXWNNRNqE44svbUP,9278
6434,8Sp9HuwBsZYrAxTJe4x21vxTweRm3Cn27MrnF6MTR1k,9264
60,6W6uowBzYjhhGUMHH9ypPowzxEScicZtBpaoDVRZArLZ,9279
4852,CtoaRn78qNT1o8dshXxvAW8WnXYxANuqnapHSVaqWa3H,9265
4443,Dj7peyaGemGztYEAevnZqDbeoEFpUb5PhY363qZnuiRC,9280
9013,9URFV1R1hEDv6XEWoMEcBjRfvWNHJHNmNz3imkETEKqW,9266
5147,98kNfFxQ4ofWjKprGLHTKET73kLJd4yihcgSZ5PuRUKV,9281
8499,4wiv3DGev5UJadHC4X178M65jEszfvobYbXGKcpag8Br,9267
8003,A5E7HCpcpzyyuwTrqX4U8ZNSz7vDxUhxFCNg3MEbRyAJ,9282
3468,CQHU2kE2L2SHh5wD7Btv5qCawrUMsBauv7GAYMqRZJJi,9268
3263,AcTq9xoiC3G9wF8EStNEnVfEfD7p796mv7rkyxHBc5Z5,9283
6445,A52wvHTVkhohsPcLUNkgJCg44cU8RUzMb5ourBKpSFSy,9269
843,5eCFF4mysskGmxLpuZ3CeMmHg6WDpMzD5YwPNy4zaSww,9284
6129,2vbjney4TMMuxtTCcnUBmLCfaStNVDhabGD2tGARwHsn,9270
6923,6yfiMNSQ3xTMgoy3qKpW6AjgUvfREetQ6eCbJoB1jM24,9285
8798,8jh6H9GnzRBD2iGcFubaiAhBcBgt5rUbaognvYxgeABw,9271
1381,CiegqpuWU6KgT6YY6V9LkX1o2oKA9bbuFDgRF5Y65Yh4,9286
6124,9UaRniXQHpVGmAT1MnTgMSN2h3wWfJxTNYMZckTzLkk7,9272
2832,GRZ7c1jFvbcVzuajv2vhT812rCsBSCEprPkU5kHBU9rH,9287
1328,9UqfVt7N1miXUbywzL8RHVAsjYdBWsc6yaW982D834Gd,9273
2772,6JPXxcLmuuWqQesAc3GAMCdcD8556D1TBQjUdzaes67q,9288
8086,AZLuMT2eo2jxidBZEkFWwb5kWVQUpqFaQTQZDHNM56eZ,9290
265,2DF4e85C1pC8Z6FtRYKXhcbVHa6y6U37DzsEMb5JLa5a,9289
1884,Hn1TMDGgaNsNYaEakk8j3r8KkBZkMmqMLTtLiqeiFpmL,9291
1134,3zqpSiz3ZbzAgf4aXE9wxuWFimqRZv9PUZ4SUfz3m1Y5,9292
6960,9wR96gErWUFqteTFEDivMhLHdy6aHqbMRT7xBcbMJ6U9,9293
1466,5c7n1QL34QV1evkJynYMQYH8xsWgQe9o9Ah5txNKuXuj,9294
8015,DVysugU5eEZuFAgLPEnKNb4ESLkJC5RoADMYRsM1Yf3s,9295
9071,B96b73vR3fczF8ZuHXthEp4U9TFdigFVY6TDJuAP1TE4,9296
7437,FssHU8M5UHWZkEmeSL2QstYpADN7xkdWAAH98sM88TkC,9297
6159,EG1BvTzu3irDeYPxJogrSEs3w64Ejsuzqf9PvQMQKZc1,9298
3737,9snsnESCxtB2PJqRUZb3XdjtFBNGzLLcqinEZXFBxeVJ,9299
3456,LhZKEvC5MKZJNfebCaMDnHdWENg7YEnZ3McPEcwY9Vs,9300
3278,9UN9x3ApmnwBmk2wcC7xcRww2C57oy9fPyZ7yz5xfYSB,9301
8424,DyQXkM6Rc5NTdC6BwfuuwKU4do65FgucCHraArVQ1o9c,9306
1486,6N9xQ9vsWyxNeZBzJSrxzsJcJ4AbGRFKdhcDy8gW4vEX,9302
8849,FYmmCgFgVXv8WPrgTGEG22Z8GVwAM8kGJXvemqkFfJiQ,9303
3341,2jc5A73T9nP1Zb6Axu8WZMJRcpTRrsja9BLDgGjSW6kY,9307
5006,GkpT9fkrNmsjUxcqEMEoEk1W6iDuwcJTDxBDLS6qsapc,9304
7015,BWgAmtKwUMNbtH1ntDYjUkFoBH2U4y3pDcJeSa4f8vD4,9308
4770,5gXTfj1oJsBpDsjqv7C2zWgzn4ApqMsTApfmiQpwT3Kv,9309
8940,5ZkzUz2aXox3XSsfrZBaRzM8FAz5VkAofZT1KWULhsAN,9305
419,4NacjeTXuEbai3JMBuWSUwq3gdwnGWCGG8wyUQBA8ZfU,9310
1557,BBmghvukjFYvWZmqcXnu3WRUSPbXJPoWjn7LRu3Fo3Sq,9322
7335,FM8NxeiJ5qo2ovxXU212fsbpc9cLkpnCEep4Adq5w5Wv,9311
4498,7TTzxT31mmCuFJ9yoQUGW3Wn64EWAByam2BmunFCXmE3,9323
5818,EGNAPz6Gi31dN3thf2tPGSh3LfYe1vqTsBhrPDFmHnvg,9312
4241,BpJRDmmjuZUx3TnWvVUEf6fdzdEyKzxqVEqs37kf82w7,9324
2876,5ktoSyu47ZikchnG3EaYNAwC7PVEdG45eECC4prJEmor,9313
6338,AmBgnWKvJJ8nY1UFBPw965w9jRnQV7ywosuEKniHeweQ,9325
4136,DEvpTauFQE64UiLuifpz9hS54eUTEQCFTY7a24HcE9Z4,9314
1836,35xihXpESazMbzsxYrQP4mxSaQB1dDkRndGL8nTyRNyp,9326
4360,8fLPhNqYKtS31PyBGxz7YTHh5YLG82s4Gt35FyQSiwZd,9315
2306,FgYmPRqvjVXaMsmEsxbWNR1b2onCkr6Q21M54GRECE9p,9316
6837,HbHd31MGh8es4VeZPHdaojJeLpHP6A1ZwbhEtEyPrn1g,9317
6839,2FwHCPAdYa351FBhk9qHNEYuJi9qihzF5iYSGCTr4ii4,9328
9996,Am6WojXc1UAMH9L3M1TvMQdySBinmJ4udQuZ3xwRYgCv,9318
3855,5QJmmwoTYLM8WGnTgc7TLxjXBkKHArfyqbzHcd8iZYD9,9329
9367,2ph4GTd3dgjxbLRMPoeC8eD3F2miZQp82gmh9eLJH1tM,9319
4854,784Smsh58fGGcYTS6mu2vkRdni1wHkd3NDGprgXG68km,9330
4399,GF9u9U9VtGuoEpLRpD8XypDPDeAVs36CPHTXyNNQSSw8,9320
5946,2hbLGkTrKYhicwXHrn3VKh2yEQ61qn78v33BYjxq6g2i,9331
281,HEyZuPCusyqJyuVAZEWzfnQDaYVUij9Z6SgybMfQJWgu,9321
7487,9VsvB2wXgngdTJGRLo8tPVf4k7k99q6VKrvg82JfbwmB,9332
7282,CLppxhADx4bG7JVFcooMSLoeJCApwnXZy46xuAEpoBrM,9333
2655,6czoSaDYLf5M6BhVwHA6Ynnk76aCJfPS6E7uNzAY4eKy,9338
2078,FuJKfNwBnLZXNgydD1kp6srt7b2A6UfRF4mGhc61vCRP,9334
7189,6tedf2VmNKjpQLcbM6Pz4ntyViw2T2oKoW1813qALWhe,9339
3793,2iXudETyJGW4Txcc7FZo51W7aiP7Dv431yCiwM2TLvqd,9340
3794,5nm1SCpMc8UiVpqgvXc95fhaZaugFjVE24t8Y2nHz7E1,9335
2168,6t84B87KmgyGc8fMguaRYAmTmfpaDsi9pwKF9dXQEBJg,9336
1994,AD3UaPyfoJvxbEszubRFWRtAzQpHZh5SJK1tt3cWofUs,9341
9092,4vSXe9TLbLZH629CH1Z1jkTPiFYnXGbRATgdh8nwtfZL,9337
2228,9xBX7nge97KAGA1fwhFL8nxeXtCjdctrCnjDEipNvmRy,9342
2316,AooiTjnyDviVKAaQknLTsyVP7nMVqSya16Ddn5QGvrgz,9343
8441,GWq5ogqhz6zfFMaevjUxLUfHnK7zcHt8g4VNERXLJw8C,9354
420,C6f2axgNdmo2hE2gZZw2sUMy6Znugbduf2J7TLJeLQk9,9355
2130,Cwsx57iohaAR64FT7DH621cKYicZzBYsqbH9Lhwd6Krf,9345
2462,2XpW7xzLC286rM6twoySXbQM3WYBtENocztDFjhE8tpV,9356
4534,65DVa7z6hm4MyPzwFL16hDrDFCjSx1QjMCvYAv8Phnyn,9346
4471,5mQyVKVWtjMbhvcBsqvzdQLi7vWcDmJP2kfnoTCBcCrD,9357
1862,BYtAES35BgsR4VFA8uectKS4EeEFnxPuiMP4T1SY9so5,9347
7533,EoHY3fa5qe9p2ooNiaLHxUm169eK6RV9AJ6Wc52w3vHC,9358
7888,ALgid3hc4oEAn79CYQuGtzRE9MpLcQm2rZ9FSPpY4chT,9348
7791,9fQ2SxgkH7FyQbPbYEty6BnSHtawoVheKyayZX6NZCFh,9359
4101,KdiBp5KwECUNduNUDJ2F79MBrD88v3TCzGx8LoakpHW,9349
6305,yB2Ue2rxJjbZDCimJnmqGvDYnhaw1wPLHoznAnaPCvJ,9350
1319,4KzJ46sqwzHu1CCAEvqVeXzTMKiG5t8qoz6YxFE9dQAf,9351
9376,DJZmtEth6bBmBdwQPW25ZvpTwnkA9rRoEKEU2dqEx8M3,9352
2479,DMY1JtLthiteLMDRMxr8yxoYLL3SUzJyyruALzaZzNmk,9353
5313,E8871GEBXs7Gu3g5WdgUdH6zocFkowsHiNYYYvWz62ie,9370
2489,H1Tuwirhj9HrcQxFJx8EuWoZewnzuo5W8yrdJpBqLPD4,9371
2536,3hogkBd2ZvrJhTMqNcocSiJUSLUY92E8fF2zPHvLNrdT,9372
7378,8WA5iFHAbdEhH9Epx5XvsiaLav9sjUkPLQq4nWahXmWe,9373
1298,AjhZ8JXHcjVn4e689pbEZbVQyuDSrnrzgtMxLNW8Xcod,9374
623,DNmRKZ9cNRsnRf6SwMUzoXPcdL5qLyx41sUk1fLtnxvA,9375
9256,B47UsViD64rnayMKjmpQULDtqdtBHggkgmhWHdFfJYpW,9376
8914,Fzt2RosyqJCivG3nTduHnA7ewquVeaoh49pTRsAMeJVb,9377
5056,FnBAfUVmyW2CGsrgxNN15y6EGhCDKBKTmdBWNjhCEGh6,9378
2406,39DyRdTpwjtRfbfFHMSeVii1ahKRCMiTvsALmNve5nfZ,9379
1804,BtWymnP682YKs9eKpTCsDkg829xDXVcvBWrpsVMQdkvK,9380
4680,DHyG9BbHyDKE8jUT8xSwU6rPCkqU89472AQcnnuawhG3,9381
5744,FSSt9bpS846GMcpwVgV5bVSgy8yk1kvzcnupakg4BgRE,9382
5061,6JiVgBBgaoJhyRcrg7Z6uwC5u2aSBNf8WxXMCXpyxPd2,9383
3446,EAX5SJ3CBzCG1K9edeSL7vhnnxNdV2TMzB52F7yyWBZT,9384
15,CdXQcaAT1Qt2acbv1rbgrjXvYYG7AdZ8tu9xQZe2VEKD,9385
4225,8Uhn9eyiw7bqdBEPKAw9XdeQ3pr8CWjkyoVG4UfvWzz1,9360
1276,26nq4vc14wLRAnacWBtpkoJCyjH8A21kqwUEXDffWuqm,9386
1624,HuXpWnS2QEGMsiScAndXWeFif2D22nwm2hd3NbqByqcd,9361
1944,21LQ1LsA82i7Gvuhnfdm86vhB35fu5DxGNi7NsSeJQhT,9387
9064,AUHoGTPPGRFGBxLhw2ucV4QsREAb793wQrQZA9Sh1k6z,9362
5875,7msaYP3tCSBheDELfgmd2epuJ92Q4mbDe8XvJ57cHiPL,9388
4554,6y9Aq29CzWMb1Zv8JfiyX13TLXu2F3PhvDLxAzLWijCo,9363
1289,AGvFhbm5jmcXWumCZ18AFrwaxQyU4oeH5afJ1CKhQWcy,9389
4209,8Va6vem4LFKPtGwAj9uAQLZbFyVy87jGEzQsYxkWWjDf,9364
9301,7ogPSfPWcuEmHHquteFJEg6j7pLLXVwMgWP8QsbFJ6ah,9390
4467,BWEwry25KsXZgd1TpYi7FPhdKN1TtUYr1ZeirmhLXdZS,9391
9554,4FXeq1BFcuTuXCWA8L4oCgx6YgQLfPBFmuKg8oT3j23s,9392
5664,5wnW9hwBsp4vWGxWvt4cHzw1To2nrap4BFonn5wVSeY9,9393
5086,Ex1Z4X9R4JWUMvGxJywPcAdfJH6v5xJ9NR2qmJygvsCx,9394
3356,CFTHYn99CjyLpQTU2enDfbjPf6NsEqk2BardNBnuGYtF,9395
1488,92MHpKEhSjuZcv97pbBsitq6Qqzg1wFk14rtqrYpizbe,9396
4543,8JKdxGb1YTyDncqJUTqh1n78ZMxpAfqNWsdyAZEkaJq1,9397
5805,8NDNxFtCHiY9sb6c8hnhqTzLjME6idAxq1a8U7Vo5Y8e,9398
1244,6z8zY4393bh2jpvmPkguMjeJkShVLW7U5LBvdNGGWVjY,9399
2128,8iTYvzJ7xLb82bCHN4uTUi7n4CvBF6iLCUEtTJSvwQrn,9400
5975,CWa5bpsS1SaPteqUTauEWrKFQucVF9CWGdmpYotcEkaF,9401
968,AWTprA3eyEvQ3w7XTjwdVPsKDNcRe2n9DiN9woK2yA6L,9402
9718,9TzJNb7358FCmts4D1wyFt1cfvvgudt9p7ecLbNBjxZe,9403
5436,FcVaXbsaLcSrZAptsB36LucXHNkZjDpaau6dBTAiHv9h,9404
1500,J1wjAZ8AX8N4etuKvZMDsvjUHmqYZoq3AJE35U9qoNBm,9405
911,4j7SqmG5uLysvuYDsZfLy8nT9S1RDbYDeC92H759FSJ7,9406
7006,F3yK7hr2gnX8JaF2AN4R95Pbqey22Vp32thm8YjxCydV,9407
1166,2aEzrZai7f3XnzJA9gZTYcfMZd7fbnA78YooAwULrh6j,9408
5732,2nsvjYJKC8Ndo5kFS1BihXRZjkU3zQsAWWCJBzq31v4u,9409
4855,4W9GiP9H2UrSBLYjjZbFM468xRd3iFrVPgi6ozWhnspZ,9365
1094,EETQSGkeGf6Y7Atqecsfj64YD1x2CBUZEGNU6xwwYrjV,9410
7747,7XMMAk814dJGpUPqyqj8z6XVvHAESwcwL48MfULoNQe2,9366
2859,8N1KQJCRiGavQXHYgtXAQ74QSJ5Hg22mMWe3wE3JVdCF,9411
1971,2Nwc6cBF7QeySKHdKA71GUDxnQ1GV1bVnnn3ugCszVvb,9367
13,FtDzTPGMPdpJpdy8LdeSg8NEebtLLhULBivyevLnCLxi,9412
9486,DVfb73YPEUh6MYXz2T1KSchXURji6DerqAztiu1ixHhh,9413
2498,3Ki5gixymS2zXQjyMGzG893ZjgucwNUNChtQuYokyr5s,9368
2006,FmsexBsGPjr2YX3PAFi7UztkhAoL6FoHnXWPqaHDNyEQ,9414
105,2eUeQgwWMaz7xHJfdfRafcRAWpN8CF1jqjk53yobbejg,9369
4400,D8PPpfXunTFFWs7Gpx1QjBoNrptyoan3oJzhKu6aExom,9415
2139,AQ3pU6NFZamFQA6jLgMdxAK65sXsoQBL4x4PuHbfJmtK,9418
2505,7xmfwj8PCzmJW9QiXs4w41jmYR8oNpxgGok6xU27vM9Y,9434
915,3A5oU3XBd2Ww4uQNLzP3KS5nkA96H17yR6RYpwgurahS,9416
9012,EhP4W4KXwsAioYTM3KvfFkvasMouRYZrgAQtraw1SMuS,9419
2033,8VjJz7xeRPnDFW2RhtaW3a4aV2pY7YXBofMjqv4aws7G,9435
1517,8dQzn5dn95dcbtMV3gJQLDJr9kaHFRqHB6JzGe58Q1Hi,9420
991,EdqnZtFHUshcX9ZG2cmwumvBchmR8szgB1fAPugjLD3B,9417
5167,6BJi5z9YwLskHqrKuytSnLX9JVL57dPHx4Mo98CF6ucn,9436
5721,5SyAfMpShs8MKVPCuusp76RWaAbgri7dKpv2BmkpCSo8,9421
2438,CYy583cRSnKfnAyk9Xay5WqanDYXXXtf5ykreizw8ZAu,9438
3005,4TNuQyqXakqk9qSMP5NTXTpoP8Xuq1SdBaDbAjCnuBHp,9422
1883,6iGCDvpChGoze9C4vfNqwoUnn1UY1qLywzpW8rj3ANNu,9437
1954,FQaNC9oRYhkd18vUCSiRfKZaaMxfNUxRn9EnRgUN8CVx,9439
2413,7gNJoHEJeRDXR2WgwykoFVo8VgrYYpQtjSRdHQmf7BbC,9423
5684,ALeoKbSMb1BNuHvPD3AYLb7WMyDVtZS22e335QZ5WHTH,9440
6784,BQDFDUq3rbdVKqWpZkPqZZdiTRwubditHh31jJpExNVx,9454
9172,E6GKEKTpLkrEnRepfLrM45hyZ7TpDQxkaodTVvNofQ9G,9455
1854,4FXDnEeJWgwZVACwuSFoeGhozb7MqDfd1wDvL1CF4UbY,9424
9697,2ne2WiCW1zVHq9EpnZY9cN2qM2vGEXvhTgG116hAuQCU,9441
9399,AMvVq6td4eXeogudxjNnJf9pPYYBFcuAyEZPi6pcnhaL,9425
4054,HJPzKBx9frKqAm3bb43F6Q45sYCpiTBgsfTWp7KfRar,9442
7162,CAGux2KCWuthRAVSqCUku3iMqtVweMrhDPDCXVznHCUc,9456
5302,4PaqPTx3wcR5QM1wa9CLFnPxTWeDUJGecWtcrSMruSY3,9426
1634,BH4Py2uuzVo5hzoqJBDeBnSWx3wuL25zQGy4euoLxedj,9443
9019,8SjooWRZoDW5uRedSZMZFoAfkEsBPehPTbDJai6Abc4M,9457
4867,5TYpjm3oBJ1fCu3RULsbnciqxcLByypNCrDTNgKq6SZT,9427
1237,DjzmNgxodBpVZMx8ZWW7TgTHCXjVScE7NiT3zhYkfMR,9444
9791,HXRkWLo5Qfzfk3Za7KekWMxFjuU4jfHe96Vdnvw2Qu3G,9458
2075,57BKNYabrDgSA3y5R6MvXdgaSvKWTkEw9PJr4Q2gxAjw,9459
231,AwSxGbc26aN3k1w12jcUtYqG1ku1dPSsxYaczon9fbsx,9428
4423,D5k9qn1wveibUdzhRLKGhugFhZMFZquiPv1nrXMbDtb5,9445
2676,ZEJzHMREXN96wSWEtsDzch7H9ta3mqeetysyG5PR1wQ,9460
3764,GGKZh1oGZ7FJXxLvj8JTsXPqRMMtT4wFD4bkDwBnP8Vw,9429
2921,2pXeqhC24WuM4yMFfU9EV18RZWhE19mBJH4ievkM6BMy,9446
8450,5wq85c3X2T6rKUz3YGWwfSDdr9Cgd3UUxFG4nSGA7i2S,9461
8330,8kM8mjsEfAVMKPStUM1Jdmm6a4pUxusphK7FF3HnEuw6,9447
3106,4AH2NdPW53rxFnMFfDApUzm74gfwHzDzkwfqBm8i34T3,9431
6429,87qsmwSBs3R3h52PJnKQ5D4tN1KjDpsEvdWJHkzqdTWz,9448
3405,13WJLex4p7PcS2kBfGLx4k9dkV6MQi9FiSvjURKoCmwJ,9462
4288,9hTHh8XSXUnDz7AzmkxDLwNbyHa3fssWBLaA3Av4Re7o,9432
5662,8qcH1cK3XqUoLYnCmfFVCBdNMzE1V2o6q75eka64hCqN,9449
4918,HSW3ZrosnN3zbbEdFcs3oU5uPM7UREanMWmmj1Z2krbL,9463
4994,ALf2Cne5X1mWGe2isfCSy7TLyg7WrK6mA4ruLiysDCCp,9433
6938,6NN87w2LimPvtVzGFaS3wNtWJBzTuTxFoMYYqC11J6r1,9464
6020,8huPZBnwveKPhzZ75abT11ujBz595E1jYHVjQEVUhDt,9451
116,GGsywvWRQT1dmdkW1GPtZCsyzs8pw43fGbRcTuqXvDmA,9465
5785,c8w95t97ufDQi7BgWLmobmqfw5kP7CHpNrdEPyn7X7i,9478
9409,AVWkoGJY4UAvNmRFo3Y3dLJRs6dGNQMmtJPnhHmk6CyQ,9452
5075,EbTZvnb5DivqZNWmEuThBgTu9xCQu7gzqmj51ci1YAG1,9466
659,4CcHkpNVHXeJjo94JgB8vt8FxYZ46s6CoQ6wzcjtXwEx,9479
4351,DJWE6iuNVV6q7m2YFWrxuT1kB4w6pR8nJ4h9CNF1Jdfm,9467
1696,89w1e985VAqWYQ15ftJn19pv2NU5pnk1hA9p9QctNTTe,9453
3933,HcwoUPP9K77DHSuYjYGjrJiBWLJxcQQvtWJewPTJBQtv,9480
945,CARJQ3bGJeBWJFpsuu9yqAqU88FgBMMwVgSfB7ZhF2tB,9468
8016,CA8e3tbHht8RjveZfKdC7Cs36i5ixfCkdKNUNZPZEqS2,9494
9268,CKXVCvvMeZ9L7RvR8BUszEVq4iisu8M6KLBSNqtbAvBQ,9469
8875,CNL8KtpdpkHkgVeTfWtNZo7nCkzbUbqUAEDaxBQVm8ho,9482
3852,9FtGft5THvfLhiTA8j6uCHsBqZLYzm238fXJTnWhQNsz,9495
4762,FyjrZjya4QigeXNzthadgvpViCzN66QvUgQp6TugWEue,9470
1747,3fkWoAmTocbEodssnFH9MKRUcAJMnLPYzj17CDaKYHa4,9471
1889,kovRk9dqedN6fTL8jzVR95Z7zMfGHMoiJyuQvyiVUnx,9472
4583,5GAVhgCKBnnGYJwBZskgzUoo9V225WZLStbH5u1x7up5,9473
6164,Gen6a4XmojAjmVgvyuBxxqeNy9wEqum8Wt1enqd7NgVC,9474
2714,DrExe5Sp8CyaWVzXPh7mG7NdQUqEPQUXwp67ReHsZ4fh,9475
1280,4gdBYzF6cPdo3SEyBRe8MpuHSTF6f8RFzYnWfQB69F5j,9476
9232,6ZgqpVDm8tG4KED1tkTW7oC8WPGtNVVTCuEVe7Y1peUf,9477
7815,sjy315tipboBTp7D8wkfzgrteMQobyx5cUB2WeqRvhu,9510
167,Bv4NtELdrgLP8QJafgAces6LrKStKLKq7VSzcdRwdQm,9511
5746,ELggmgX1SCeSHvbAS7doeoxB44WkaGwBnnRwkzdVAgA,9512
5713,61ybKkDSCS6b6dm7jUFnnzr1U3Y8aNombSYfkjDCnPso,9513
3437,9h1tzAgD8to4UaXLepcyktwucN2DD25KGfAouDEWaZxq,9514
7852,FHCSiHfeF2vLNuUJRYuS1Cc72QFFwRWeweU4JitXBN16,9515
9742,DCYduWdgWFtEF1x9FQNwZnfp7cya4je19yDqSeKrZuRf,9516
9848,GsQDcuUdLiADEyg5AwvMH6asQK3ZK1vL7PiLKUGXV6pU,9517
4835,4odMe6YBPKCL7UrBQKBofJevqZC4vTmaTrQVtcsN1mx8,9518
341,EBe24NTzoQw3nH2zPWyoQ5mxTdHmpZS9nxP6VpSZDY8P,9519
1333,85TLFnNZ4roc7sLhmnmr4G9kpE2j78aWSdK9UrWQs7tH,9520
8695,6zYiWx5qEihg5M58hyM6uyMLqki9SJZ96QzTqcU66tXH,9521
1594,8i3JtJUmkYnxVBerQwiDH1w4mJAw6h6pCRtYuUkdpwP,9522
1822,7YjoGeR6kruitJpDxfmjLbZHbxfsGnz5bYNNN9hFbCuR,9496
328,6EwtM3UeUCyQndoUgnzp35P9ScaUWiAd58kUcFSPbVSk,9483
952,7XvF2VzoUG6iDKKiKr9bhe4GHXmHXV7sBSkV9Gk3LgBd,9523
2084,HpN7ekkFexjtXvnBjAEVxV3dMUEKSpQbxXxUowWwGhip,9484
5220,FvB47Ma6L1E8wY1J226R1R3QBqdSSRTXT1H815pBaTPm,9497
6310,2FGLvHGvMe7BuzobNLdQVKqvJZQLPQvmY5vJzsdF5o7U,9524
7369,HMHt7j4QGVHgXeLb8cCZJfZJY3B32Bv6eDPCJhGwjmY8,9485
3911,48HfkwdFXEernnv4c4W8ZxF5S7vAoBB9Ry4hBdxswKQs,9498
4342,5fLmJepikSTJL8bEkVfZUtAR7e1Zo43GexWPVCGaDLj8,9525
8992,4BfqhXuCp82qhCoKjHY3PP8QXCn3xjHU8xBMbRjNrAGN,9486
778,7XzWqJjpxE7Mpft3JwH7msw8Vbe23ZbGWw8GPrxtpNMh,9499
2515,uvkUMETnyP3VjifuqmEBLFryhxNtVwFXPbCNQVBZkQ8,9526
8676,7D4iL7tmABx8wZ3ZBBWVh1eXycCDLep19SsuVCcULrsR,9487
7196,FrZZHNLTPnAYZEFxCjw391qKUPcqFoRrFH55mJqk8kjt,9500
834,2ja19k3zY9H7epdiMRXueyjxYfqqVaFDytbGV7ACHFeo,9527
284,BE5ibgtv231JRHRocwNxE2vkwMB1sGPV2KKvQKcXGTTg,9501
4888,7DJ6SQUQH51p6m5eTXMnRss1kehhfcKJnKzDSPZspbZT,9488
5996,Cxbi9SRxXJ2JrocqG7M8RhhDkBv8GWgdaCxWNfJkX78n,9489
4482,DzXrF714mCDDufddBa8NT9NRKQXUmpYnHL7D2gcLmqwP,9502
3795,CEVmPGw2b7Ep8NDK2WgqXoC2CruscnT1Sy4rwEVkt6tV,9490
9058,26XtNLaTf2saqpA5mn1aeCAJ8UEQbtqQ3K3rTWZsHY28,9503
6040,38hawpAtJKkyeWdMQHgSd6NA2vNpsTtHQdqLeqxrGfKD,9504
3582,3WAyu9w5F345TEQxfVZxHeEaW2QNN22QQaViA7i49c8N,9491
5343,7yR1UJCK8GexcT777kxoxnhaMu5BFhaf6Xa1a7wUFia8,9492
5917,2xJZjwCX9Km72NZMQ6Hk33k7ny9Ue6FXFaU42WvXdbBV,9505
7421,Cht8kYFQHCfFpwCtrhdx6cNPbjquaPWwZPPgwqfp5PP1,9493
90,G761oDd7CXJqsUut6jtHi8s7Ketm6bjRUPNEsfBfhLqe,9506
8853,Dp3kmqL6j7DT2aSJaChfZMqoLJHtLTZTbLdNg3w5CFP1,9507
3978,6u11RqRrXaqKirpoYwooH6VJKysxuemtYX8g9ZuWianz,9542
9783,DsuEA9XmWrWBHpLE7YYsKoT8abq1n88DE1YfHFg1fFVe,9508
5484,5ZssQPisazJdu9TLLTjmfvH4JrdEdh4EgP2MCt6aCWxT,9543
1173,E8UeszcasgX44pcypTkunLRVZTurg1hVA9GB7owAEStR,9509
1468,9M5kPAnBwyYvHxTcizoW9msRFFNWvNMPxrmCUDtKvF4T,9544
9722,CeQ1dgs6zLGEoTgUJMLgsEqrFwqtmPg6ygrGD8M2teR8,9545
8161,CPveaXQ7gicUzXAyhQLyyhXNRMfLioQM7EdCmcouceF5,9558
5331,HRdtft9eVp5aX58dvBi3MzN7MtGzhL6gpeMzTHDMuK8D,9546
9239,5ADZibFvc7UCT5Df8pMda9t3RDw47a5GZ8XxdfMWbLUG,9559
1088,6qWZiUFBhpBjV5ngSFv8Epj4ZwT5Jok9XTzwL2t61rNo,9547
4886,5s5Wwj4jF7gVzL33DyhV8KLqpekpXCq71tvZas89wtGc,9560
3776,HSdrzLJGxiCGVbdWsBVHo8aQzNyamYstkwvWhjiCsgXj,9548
1128,EfVKE87QTpMyyNv91bJwNmzrzZX7DYtpMNXhW4b5sEQG,9561
9943,E9VEneR2fSfFApXutGkW7P6QBREQRYvxm2PLLohezocm,9549
4331,3bMSJucogKE3ZRQ5sLTE1TNWsmU75VZjkZYsufmk4fQA,9562
7778,FhKGDza5bUxH3CPJ2PTo4nDydddK1h3X9rnR7QeQAPeg,9550
4909,3oyBtdTgjATwj2LUSeCGvA77mtLKJGZtLVDh4ctZZwbC,9563
4206,4x1iykNCdqrDxh7FDYbuJ6BSpZYPQKCFAy71babmnV7B,9551
3250,F83qWaLZSpFGb7fxayQrAn2GHWto94miMJqFxVyZWxA5,9564
4343,B31SVb61jaTwANnfc5sMx5xRQDscvtStGDjts7EU6o86,9552
5965,CKER6Wb9DqqFFutCnmTNu7W8YwPFn4uRuGrdxfyYdNQk,9565
8718,FcXnRyGRgpYy9T2SA4HV6arkLw6AP2j9MwUPvCs8nkEt,9553
9476,9DFMNobRuYMZd8jRDiD8VVkKd2K4zzDhwMzWjAfYeqdR,9566
5930,6x6Q6T5KM82ctK9KyUZ3tKSLWS7TtqqqPKnhPEDRHo2U,9554
1644,24gtbHv6MwXb94UacoCRszFV1vsY5rQ3tHCZwJdaEumA,9567
9338,GN5zhrWaRTwmaU3hmHiz3QXyBWjLdxveGHLANmyqD7C3,9528
8302,3YyggftxU6ci4sbkWda65Zrt6fVTsbpcc8kCj5sdsQHm,9555
1412,9A5xuPkGCiY6KhgojDvLM49TR4zURUtWbvM4YNc3Q19W,9568
3914,FkWvMQAKgMmFYGHRgj38ApvawiZxPpJbAP8nBnrjdCeY,9529
3293,fFjVyJfbb8JgaLFPPDne6JY3W1H66AVDJKkMRvsJe37,9556
1993,9T37tP3WggGpZtdBJHUxtwuopx833nai6Ymcxp8UZPnT,9569
5742,CRhwJVi9X3QFR5UVSCGitg6ZTi3A1Leq2MyFXZZGVehz,9530
207,5pq2A5iaJbjdMLbL9fzLpr7mbv82m5Lr9t64Txnt6kDP,9557
1306,5Fj3tKma9FQH4NCvZCxzANoPHfEeFXcPMDCKyskwDGYw,9570
1548,CiaUjYK8LQXcnaDhz25yjpr2j9citj1xg6DYf8Msw7gY,9531
1351,Lpr4Lrt3QYoM9jLMNgcrShXiB9AEfz4dpHzzmjAxRze,9571
8174,bkvdaEkAT6Fvtee2epaGYTmQZmvf2aKB1xEi18TqtT4,9574
6069,J1vSuRLnW8Y5WwXtPtXnAvybteLhVa9RGbL465uxAkrF,9532
2326,J63oF1rDAhw7ttjKd3yUAZJn3u4Li37FNrek6co43bkn,9572
4950,6T6jBMe9damXstgTUYcDCA4BnoftAZ6WKaYnh5PCXDRZ,9575
3480,3SyLvrD1Gq7WB9Lyw7aw7idsGZepqjb3CAUzkbbWuu4R,9533
1843,Er9NEMCCEiq8BCFXAQr5SsXV3VvtT3TotpsDpjYVfbDU,9573
4133,6MhB4bhWXisbQSRDUXjWc5CCRPR8YMuGSDgGFeSo6FRt,9576
5248,CqYggyzmPUFgzoK36hwT3YiG4cLu8AcvU3fy6tV8jBVv,9534
935,E9UC87fSuakasDry2zyUMsbG7scWFgvWmMdDAKn2rXu9,9577
4875,AxqykBWSRtVxzR7yvPahvGD3bCbkVUDqqHrqgQexTVCn,9590
4575,3RRwr8JUUBcH45urJzeCeZ5XFeNTGBpZS71gFF6kQ1zR,9535
6099,2jnQ7zAzKamAEG37h8xMMVp8aE13MCdTJcBMEeWXUpuP,9578
1427,Fm1z3asYXAGx6qTKzTJNttKDYANuwp7ULT7ZCEnmEaon,9591
3366,C6E5QwPpRentQUKtphcDbZ16BQYQcHrgxiidi2ijWbFR,9536
2673,E4Vgm3EVFLbcecwcdLzjaJeUs9zoDExNq22LYewAcf97,9592
4674,6uq8zQFBc1Y7yUjrsCZGnBTbRPfzUcpLm4LsKrJ8DTTA,9579
1698,DVGckqpKRTjFExdKkcWvRnaQY2Bsyt3qaDniRqBVtprX,9580
2681,F3oVBPexczGqY9UMiDs4QjrveA8MFRcGXLTDAg3FgRwd,9593
4621,6RJN24uvg2jVNqkkhVbYuytN4Gwj38Pvh8LfEoGX6m8h,9537
394,B5oyJe56e5W8XnsN8C2zSKDV2Tepyxog5ChMS3ZQ4GRd,9538
5509,8TGcxuHdeHMLyaqumFRMbtBNeBeHHwKhobHtRNRm23VN,9581
7286,6XQqiQSiZv2zXtNkRiaL1roS3g6W5h3qWRK2X33HwR42,9594
5374,5fuodR8EamBAkJebFW8BzBjDsecmv5ACociHUG2vif8g,9539
4823,3FRA5pSGsTpwGxa6E1dC7LRsbeZdgBuzq9n7PcbJaDX1,9595
2933,7cSuMMae6FAVfvSH9RZvv69FaZugWR1EDA1eGZLb9645,9582
7581,8HhuxRVhS9G8Agg7uEhueEUJATum7jUDeu51GCdqihU9,9583
6738,95c4G1fmkBPcnM1D86k8691WWkBbjARNkwXvEZVkGyKp,9584
4137,8booY6TBqieAD3FywLgmZrDuKebNxZFaxeGyyfdZhZaA,9585
5352,5xhkhHWdfNoMA3gX3BQ1FDtnh8hAMqctRBQtLuGbjHXS,9586
4512,HxEEqpZW6r36V3PQqzmhGHwee1mgg2kHqYpv4PeUaNCB,9587
9379,GTBTgFMedSj9g3zQp9bBbqiLh6WiXaNbFHNRTiRuiFX2,9588
9349,GNpnLUpypXX56A2xw93unkYUqsTPyfpWHW9xAW3Up39,9589
5101,BwFkTCiNR5cmUb4dAUy9ByQj8RCaKxRVGPr1nLPzKXjc,9606
5699,6J79iTSAH48pPTJ3Ny3d8FxhYETY4kxD6z2sJfDTEdo,9607
1727,EAF1SQi4thsFjYcrV9ibiwG3Lh9CFKQ5bzkmsWosAo1u,9608
6205,H29eZ1b7ypDsFAiBxtgnCd7wcKdZAZYbRk3JzbXvTTyV,9609
7396,ACDjuac1ARHP6v5QXm3iRW6p4auWU5ctu5AH4VXHQpwX,9610
4184,AikWCeuMytrj5ECGERZXCTdYwdCkRAT7kaBqhdg2DFSL,9611
4594,FUxeamEWoxTS53jVpKR8e5Qer3gbhkwWPbK2FXFMt4gn,9612
3868,2nxu9pwLfTR5sYfbHZDdExPfjmsVKkUdsg1xDDswkwZq,9613
4617,8kJrtduXuUfVJicCzvVUTNikLkvM2ArqHqBPoZY71umJ,9614
1560,2eLhEXuHUK5a3ubPPbXWFT3q5nCALfMAC6k6GeMYtANY,9615
410,H3bKbUvXonHRhk4Tkr2qfwzdhSeJ89y8BgTd139yxexu,9616
2605,G5Rrxgbot6pF452o9PM2VtURGEC5gX7soQi7bRmKusT1,9617
1951,6n3xVkip3Fr6EbMsgo6nuX95EvDFUfs3WmfKnDi5KT4t,9618
2529,CpucphJcsUchbP2VqxTQDYNJ7KoPMSDiwkb29qq2Vhng,9540
22,6ACqB8yAoG8W8C4PW7Gd13hn5M4CjW4GPEukSCU4m42d,9596
4179,DArEvB2cX2jntEuqV2tcUv4pSUdhGqzt7UeN5FQm3YDY,9541
9150,Akb6LmLAeL3GPr67qzPYXjtGhNRjVvyUGvcXDkGM47ge,9597
9328,3od7Gf2H1kFQ2LKfDRxUEeyUXVVYY9V3JDPjb1BWurrq,9619
4801,9iN1c829ncpYvN9y4xYt588qMZWqVdECaa4SUvV5H3di,9598
1213,5ph2bSr3izygucEZUGVi5U4eGPXdGZzSkZBtdVjZMTk,9620
9540,WS1uS31gAaZJLhw8jjEWH8sWW7BDgGvjMN9eKPCACBT,9622
99,8jsjaFJFB6jc4teyg4XvRtfdRXyExR3dxpgQuR7Mn6QW,9599
7424,GwjjMq6ArjEMiZPrSpGGcCPR1j5s64Cj9J8xTAE4ZGLP,9623
1538,5BrxmVMDQEwJrPz9mYASo8pASMjdBcdtFLqPx8P8MdCn,9621
6060,J3dtPVka6yx9ZDGqCeju4VkR8qaoef6RLiY7ya9aX2Yf,9600
6475,2forrJxJYwdxFvkFnQbrZULyXHHZpGsE3zmppUAotz5L,9624
9028,DsUtubDucaNKJTfnhfB8RUkZPWuh4uBZ9QZb4ubDv4Co,9638
2500,BchqZ8u7XedyZqyk1PWLgF4Kpb14WaZGFc7iXiJTqf28,9601
2746,4kqrz67FAdbhbHvkaFjR5ShAbvDGHwcziibFejXVtifJ,9602
3301,3CGihtfpL5s1Zypm5mMiTpXAiMwYjbLrmzBfD8CBNFha,9603
8666,GnSceExmwh9Dbh23s7fs91oV6Gc7v386MR8AiPyAbeWT,9604
2930,7nazVZXtKmq1y2Hi2mtR15U2omNQig2A2c4LaPLdGpvH,9605
1197,BzdcisviGojFfHediVsaMyQ2awLtYWsM1jx2SHcJ3se4,9654
3960,BkjymtYVEi32v4MK82thJG1KwwnYgFHaBGNjsS8JXerG,9655
2934,9s4K22ZsZHGKVTP4AStHPU5iWszxaFbnT2VNBWZParJ4,9656
7013,DmyLofPvPHFMtMCUMH1tUDAfb5yi7wi53cepw8nA6Uuh,9657
4166,Kd6BQqRCPZ9s8NhoAcr1KbyT2HBbEL9KhJDW16Kuww1,9658
58,DcQJxCSdDoJsbVEPbxJ1JHfWyuFTGTAwbEzjXHPgjt8B,9659
7539,DRH6ehpThs2AzdZkJmMwTaCLPMGjjFDaDHKn8jDfUGj2,9660
1346,8NXCT8XGzCVWgCq1hHmVe184nMmJVdpz5HzgVzAMMRyw,9661
5189,ChWPUnmQrjK6fq8TkhjhCfp5ZozEEiSHVQvopKERdfh4,9662
7138,6d5zkGJLteU6prgkh3vyE1J5ZdtSgrnETc9vKNRsHXvz,9663
2757,29yEY8KJqhD4VvCyR3UhreewkHPREgmm3VSUwBU94juR,9664
7703,9hY8izAQrmiAj5vDLPfFnC3DYN7torxaKvZoSujA3aAj,9665
606,2RJhfFbxg3K5u7cKa3JzCnHw3Z79yPia2pDAukGt1BH5,9666
1730,BHtNaPZ6Wr6WRUgPqj8Jxwc8pLawK7yH2zi7HRYfYESf,9667
5659,24dRX5WRhqp2qL3ALdr7FGxGozohPVD92HsXE6Y59fwc,9625
4624,E47ZnYU5eAVp1Bvk1nfksYan4Bfo2wBtJv8RYfgGZs1b,9639
6177,9tdbRxFV4rJ1FthwiQwPJrT3gWrzpz4jyACad92rAbEK,9668
4556,FhUmuvVE27cGwUQdh6N9UtTduyBELJGvf7GeB1Jm2w7r,9626
2112,2STXqBgkuMid4r6vJTQT2og1Y2hkdTTnnVxS2yqxh27W,9640
5595,6WgdCvRApWpjbMsVKuV82tUjBUsJS5nDL9CSQLXC2Yfb,9669
445,2kjL7MVU9c1pDd9M9fY4qozSi1mSgRkE1AJcn85EAZL3,9627
1937,9iFDLUDwNFBDiebQbPNhuDTAwqVzQmQgt76pbH7B1UBf,9641
8323,E8HSN8meDm799MdhGxrK4exfLVTSMxuZJd4a8jCXufP4,9670
290,4H1CVWoDcivBGkwdZs29EZT8sZJNi5BpCtGCS29ANPnB,9628
1255,4BAktKy9q4a2AeK49EKciwtRKdnybfckKdvqufxjnR8t,9671
9096,Ep3j7Du3p4LKoc9FPdB9YB4d97GSZDsn282fkLLNFrdJ,9629
26,8pLZutxh5Q4os5qh5242hkU2bsqynD9wavBzkvpjerUi,9630
1270,8aaDbvgAThGwWc3Rv6eZ22Lg9ys9gAGSaogpeXxmJRoe,9631
5737,AjNfYUsXKK3BPYTVTxZzkPUfu28pJxEjxQ72QNoHCYxm,9632
4882,GoqohHFEyF4K8ArL1Hm213sB1B5fS1kRN9LQqDCFsNbW,9633
6665,GgpWCWuSCs3TKEAwi4k7XGNQytRp2Wt8HscPpUJsJvvs,9634
441,GsQJAhuCWM91y4ouRgEwqTW3wcZRKtTVkwNNiAfAL8Yc,9635
7700,GfCNQkzkSeugghxMLUzbMJoukhRpZq8L2wLXZYRfiNaU,9636
8985,4159gCQ7YoCCbEPdsPjzyNfivt8FEueH5spEXKSNS8gc,9637
6299,3hZ1mbaT9iViafQbftZTMt91EL8Rs9YAoTboSjvquBLT,9686
2442,8U7yQggz5beNbSPmppQL7fNrSW1VYg31UVZwd6cwutfv,9687
2247,48izYmNRh2TLqhSmieaD3ndYBQFnDgko46StmtGcXVoe,9688
5524,42ovFnQiAhLgkHaCeM3YJuVCsTvLDEYM5RssYcvQdvc7,9689
1607,EY3WxP9UDh7MR8xMxD6HTT8sikZ9eHLSf2J2AbFKQEG4,9690
5794,9h4S7u8PLchwnnMhYzYyVFrt67BdKYXpxbEhiSS5DnZU,9691
71,9qh1DvzrxHTPZTNe5bzRTyuKnogDAUnqZqntKG4XRkda,9692
1668,HBZ9mbk9zXnguzmZ84mSm5FvkVxUqWKuL5r5bGW8DpGi,9693
678,J1uoSH61qzVsMiuQEPrKps28eS8scjXRE2DR6ZK49Py3,9694
8785,Cc4xrt6P3GxLZ9zXi2PMupNTE8V2m3i9wckqYpjYE5tq,9695
5967,7SaKy6GuxZRmKYWYgKpD1fBK9iBYSpDJUoarq9Rf63z9,9696
1912,9t4WPcVZmHy9QPJPb2KrrwjohdVAqH39Rx76GTmU15eu,9642
2437,4RvswWBbybjDHYZXg5uNzb6qmwGcnfWbt8tGkDyQ9iAp,9643
5634,Au94Adv5ZZUkKULC2U5JtQ1xoyvxcCyUXWpoCYoi6h1h,9672
9007,HLuJqZFKQUGyNLQuD8oFqxAQJtvjQKdZZDQg7FxqbsD,9697
7615,27sZUNKh2sNkuJUrsc7UNBYBSpb1bYuCU6hY7ZS4Q1Li,9644
4403,2ZPJ43j2ugCadAkyv6hp8Y1AF7w8WtwJ8cc2UrxfYRf1,9673
3727,CYhwSF1ykMXj62smydBTxS9mvmg2Vtw1VTecMuUf11jA,9698
492,FoyRu2puVhtoZghT9qgLUXA8g8QnLhURMJStLp6F9vrG,9645
4890,DfoHkpRFAWN5V1T5qyLyJrjFWTU9QHyAT41voHWrEQUR,9674
7475,H6uMgn4RRy9AuE8RccJFpMzQQokiw7583xyn9u8SFDgP,9699
4737,2ysr65qqjv7kquX7YjEa9hSKo1kgZMgDieo5zo9B4ysy,9675
1940,vEwGiopDscVxtjzn4uUCjfjsUjnraf9FT5sAnUQ48nB,9700
403,7HLGueWmbf8Qr7K2rsD4iy3vuiHaKouMbhtwXzZucCkW,9676
3959,AYYj8p9JVMhBdujE9oG7mYy5nMnMqv2M5AehKw1F254m,9677
9250,9whhDXHbq8izMA4QqahCMLJt5FLNDTrKxJ6MLzAahGPK,9678
1439,FjV6jUcQonbyB7o1Ui8AG19vvRX9iSEpMryacdTUZouy,9679
4957,9jTD7ymcVqfqEABMmAJbacQpmNjikzBgUCuNv74V4Fy2,9680
7872,A3quWyg3wt55fhBT3akHDDKjcKGRYgm6DiF9MM98gHYC,9681
7095,AzasPPgt7amisaQRBFAiXKHRFPLmX6RCzUJFZ3NosoEX,9682
955,Z1ysY2o63D3SZNZ7WTNeai1Ks2JQZ4SLzmC9V9gXX9h,9683
2647,ZZz3kevzf6s5C9dBNFDk873FKUNFmJdwLK1FS2nYPeV,9684
2862,BQQB9jvzrbrFuFerwXTFFEDpjFzDoAE8kZVf9zArfVw,9685
2151,9gwRwWhTxSeTbjvUst2Va8arpynmGtTbLUjuvz9Bp5k2,9702
3506,5DujHHJAoaormU4DZagv7FBzSaXEQyJqEkF6bVeXPKQ1,9703
3741,erUWpXRTof4xKEBN6FJoZiK5vfrzErGSTSrUX5WUTWD,9704
8519,9xttFHZ2c3jkzGhNufwfaAWtPqsaZf3dGbUJA2aFSTSi,9705
2889,6qdL1aB94sw7wcJwqWZzGsFEsp5QdvcoTupKCSkfZHmf,9706
6393,BrwMCGbq7CDpHm3tRYCLPqSudauWSZy7ikzZ8nTqai9e,9707
2162,A1HSj4FMMGAPeRGLL92hPwCQ1977q8KDn5bGzp9i1RSL,9708
3834,6dZE7DwoXTEpe8MG5xUGosUDCXMaxpPEAeCpBHqRNJeV,9709
4242,DD4UnZPom37qpTYX2XjBGkBLLq6HTVA9rUsu1KzGTWUK,9710
8176,E8iXntfBJeATH7ef2xCxRjHoJjLqW9ELZg8m2aGWApcr,9711
3391,BFbBiB85Rszi954BmG3rVHVaqVRne4jT9FJA4wCtxQrT,9646
3799,CLQQeq96ogTaQXRSWVHrzWjnx8vPQz8xcYSaimupzHqk,9701
9634,9NeU4Y6yCi1cWybpS9FKMLNBkeCterAxX5tkzKwdNTN4,9712
463,4xcX6beBMFEJwioDtDWTXcC3SQeVaX39MVsLXNYKuELr,9647
6883,AFcWYcSGJHVaGi4y5XRoEpPCs4XdEzNmQnpKdmN4mfbt,9648
2788,CkWc3owx4hYbc2GQYc4HFQoQgstFzzan9qL7J28NVy6K,9713
4906,7uFN2zyQrQV9B2RP66bCs5QcW6cAu8z2WNwM8WNEFkok,9718
1380,9s37dor5F76eCkgfPVE75bcth95pcGkzmWvuaSsJwnJ4,9649
3967,GgZo6WedH4nU4naE15hx1HuLqiwDkRnL2yeaoAtXxHGv,9714
2796,G1baw3UA1GeMZSfTxHZ64c8VxAYYzbX11NsPp6Cq4jXy,9719
6007,GTCRUxbsyDfJwnFHGkRYEC9bfB7HpnfhFBA51NoZDSbt,9715
2363,3Py6iqsWwtvpJir1NzgZW2DefZpyb1Mw9mDwJTa2Swwc,9720
219,87dHFTkeGjYQDZUJHsebXqb85rQ2NvWkyWKFxityEExp,9650
6028,FGZHY2ouoYoyeaTwSEw7fUtruZQeMNap2X1WcNV8KBZD,9721
1150,4nEamGjVfHeYvrxzKXMXanBu6auYpteNVJBhaBm1XkNs,9651
6062,2h9hPokMLYgv4c3rcHuVtwKW3yLdwJBKzQ84tWhHaTr9,9717
6484,BA4br6BzA2H9WY9NHoThidk5CchxJCBJubmJWfUYUy6x,9722
7830,wz8JGmuMoLcW4zHVtCgHxvq1V6MBRBzeXptJ7PCvqrF,9652
1903,8eUxbWjcMNnyooFAuU6Kezpt1LcPDnKYGYQdBJRLhPfX,9723
5491,FKxuZsYvMbdWtZJF7AbofogLP1HiZ6rxaD6ZZVMzUJh2,9734
930,HeAaJgV9dKH3RJGiggxFE86aKV3Ez9h9RmoqqKcFZ4Cv,9724
4449,Di2JC36dXYWWcq56QYYLLD1eDB3XtaKb98EFiBTkjJy6,9735
9396,HnMv1xRZQiAUPAviMstr4zmtGJCFZD2nmnftrtJx4v3j,9653
8716,4DWATByo6MYGUNKnV6eZdKXs8gu7fBxecM7ujayjNqfU,9725
439,AvLF3m7GpfjKjxRJCzUsbUQ38wtnqv7qXWT7RFJN8KrE,9736
1877,C3eiASCbJdhEqXN1dbCnLRXPZzD7ehujLuxTriAJ7hXH,9750
4385,23S7un94FKGTSDrojcYpfgvzqcpYoPJKhZKgkdm47pDo,9726
914,EGgCeQUbUtJDqcC1snoj7zZUZjpYrxYdJYyzbjiEZvkS,9737
8731,Aj9MkNhVwt84347NimdQmWGBL7yjpBt8GegiQsK3h19E,9751
9361,DwwAVepkH6S4Xk7r6hr1qRZ9vvuRjsMHVFh8ye4JyJsG,9727
2328,B99727xfFC4r32n9QFTZVk6384zNKeVW5HixABs9gDZb,9752
3387,HvugHjFvbr3frHceEPRJ52mBytYse9ggDS4QHUzmWotu,9753
5446,6JaYP6wU3Q7FNqf2ZCwHypv4q9kuknruFUryLa5iHBzo,9754
2734,CWic7nH1ZpfZztgpn6cJnPUekUdveHzuqLqGBFZM6X9B,9755
1811,8LkLNuCJ7K6X1esB1oLd2czPsCjT55wEm1NCZo4tBraA,9756
5799,61dZn9dQ1eiMioTEyZvdVadNw3AiarR2EyMLtxnhXv4m,9757
2198,336LoDNDkyd46uf8m3AWvCkEtm7BbtpAvJWeq5NJbGUd,9758
4416,DvoPSRUzAe1jni2o5A3G9gaMnozbJmKcBiJQ4RgdqxBo,9759
3742,6S6YB8u9pAUbqKEucjYwxQXsafCaJkMj2tHKKC3tz8Zh,9760
6199,7mCcQbQyK8YsrJMB2sqK84CGmT8945d9VxPM86g8iScy,9761
8039,2dYdK1nj78i9hPvGuZfTVjTYpjgQnL5K7Qex8UMiQJZM,9762
2098,2Av19EuExuamwdY3kbZXQJoHwgVn4DRXCW2PC7Y7tnwa,9763
1200,DLUx1E6jw5TDFvsQdcBZtaN5pK7v9TbECXg7m19Db1fe,9764
5447,Ht9ERdsCcxFijJWSbxXeQfywu7195Cwa4r3r5maEEFau,9765
3051,3NgZA8F25ojmy7KWD5yBnYfuAHf7zUoGWZAuU3D2dq9G,9766
6599,7mTKbZ1WpFzLWR2xHJayo1dz8tzPfwz5ViTUfaAR6m6o,9767
6372,6XEUehE3F6ULi7bkwcqLbBymYnDK4FzLctjRXNs92N79,9768
3762,HeotiK8EVWXmQoYSuoH44C7EgtFzdZeo1UUVVHFH2suT,9769
4691,8zrcjDrqtDizjWREKAJJfF18Lr4vU14JirWVtdJh9R6k,9770
4414,EYmkhRNN6V4G2Qi9r3MSnMW5dbxuCD7HSfpxvQjyhGFR,9771
9215,8NgGKGXVMoqVpEXtvQvL894y2tp9XMjaDNtYaYED37WA,9772
2972,2BaTofhPHDnYcZw3YopZPVuD8E2f2FJ8Lv41A7PKcfkc,9738
3261,BpqyRsjBqJuKpgmr7ZPAKEhCGDydQCB5KX5XZajimhkZ,9728
4258,3HmUUy5cWaVXJavivfSkfrk6dyZhS66WVjkVLJhLMtWj,9739
3222,AEf9EKGT5GzGV9aLM4JTimzdSrAhvxWSJvpknFDtw3Yf,9773
5138,8W5VEkvfjyXTviiwGRb82aWFzNbkD7jmti59Acm5oECn,9729
8427,9wRUBAQLfNe4DUN2b6jC2kbpbexnxCTMFzZqZdRkL1um,9774
960,6SSW37dCuhEwTCKNeMYkQWGxwWjoA6KruVufDpEakkBQ,9740
1661,B4R44TEG3xxuTdWnCiNSPqM2aeT3HwRP3d83Ctv4tRN4,9741
36,5q916VTh4wH82fECS5UWDewQ3aoqBM9EjvTWA7zEZ5Lo,9775
5701,EV3KMJC3XiDrZEtMUocMJ1LQLhNjjQo8yu6jWHFCbcq7,9731
1812,DBcwF5X2jqg8ktH1umjsPRWX2Y2UWBxBuF2h2nC8opLu,9742
1645,BctqNAMjZZnBvR9Ju7ozfAcE24KhThyR4UEsoXBLqRwB,9776
3459,A2yD5V2GgLc6aFfST1WN8jPTA7P1ask3cqtTzBv5oTez,9732
883,HWSh55PZutsorvfdmpcfvpc99PSzV9MZxvfPFEyebcVL,9777
5855,J6rARRPMDQYXGNS4nnKMpQibFVpDGL88JwRqeMdiziTk,9743
5480,76WaMYQQtZ9dWXq3rNiaRBi7GJSu7g6dWSPZi9iXcYFG,9733
2895,4JGLBid23Ye7n74haAkN7q6r2VKQZNvruJoV14V8otUn,9744
6694,5wj7FtKexLTEUJRhoDM8RmdLQRxZmjatAZXPBP3xzSF3,9778
1233,A4ZtJHm1r4SQLfyToQo4BjbDtZJvnhNJRe6unNzLGMBd,9745
2066,C2Wji7tbovhQacGPNXeUwHeBoe31d9AmL4HT8hwv7s34,9782
184,Am5zb6ueM83KXy8brkKWLwUPzSFeZdNoh3aY4gmU6zF9,9746
718,2kXFSgb6b6JWyDYVCqufBnH2VbraVdVQ6rC9njWwZ3sZ,9780
493,8qAAk9WEZ2bgf64wToALvqYezbQqDRrwoPEsUeRkiFby,9783
3885,CeWy3CD4Uw55tRDj3RjBL6Na11PgtKWmXB5zbiJtTUaY,9747
5620,3SsEi9aHQzgu2AazxHYNfTh4vPsen7zhuioTrUpwfGUm,9781
878,7saVeX3RncjffNyQvj4Tu1YVagkmq6ZQ83nqDpj4NmQj,9784
120,CXBuVp4S6xFSYUjoYMWf4JPop13yarF5taFmcBYNRNn,9748
4323,Cf3c7KTAtNNEoVBgPL3VN8SPxtU4FcHDdoHpLuHLL3Tr,9785
6141,L3feo2UkNgEkarabodzchC3R1X2HxMccMPPmYmsxjr7,9798
508,3735KdEAfDGCLCF5NjA3UnaHMThyTVD5xDcnEisWV37L,9749
5115,HC1hxLgoMMhVy3YB4RrGuZqP2Zo1akHc65Z2YpFnzMRw,9799
2508,BvqymmuCC9svJTZxeG5QE11x8Xg3SzWRuyKpuNotEKfJ,9814
4080,5U92Dg6bxgQYYFQGiaybGHzsYRc4nrL4UHdNoiBKh3Dz,9800
3740,DyCY46TrxNzT3DAGvxhLw92Zs7GTkHmoxtX6GDWjtFr6,9787
4608,8nkXUSByqxs68pbYV6U1RGAFLd5R87qzgJcZZBFRc7HZ,9830
2980,DsqH65WYEnmEUP8hgDUBACrH86SZX5Ky9zgdNDFrHerJ,9815
4172,A9L7LzZXo1MQ981CTmtc4NbGc311wnMAKQSNMkiw8ZG2,9788
7497,2tU3rQKGD3qaHYzCgHGaH9UKaaanDhRYECdezHG1drMd,9801
6986,5gm1qtbMXuqLyeYQyGwQzZvhdug5ugG6336p7yRSESk2,9816
7352,Dyus8Ko3wwG2kmTx3e2NUCJKd6QYW5EVE6emFreC5K7s,9831
6248,a74XYT7kRSkTYPxdcCU7wEHUskP2LWVzWnQCTAVQFHE,9789
4700,DeZCdFBfxUdYsLd6TiTmRa9k8BYDBrYzqSmnj6c5hAkL,9802
9736,5Mpyq9aGKcfhYWuvXxXW6NBhniiNgmvCCcZrUkGw9sRA,9817
2401,GNFaYLNP3TUy5dqFLNjsueMJfuLr8HDfHw5ZuHiQc3yE,9832
2571,B2A62RohMK7aiMHuimRq1bPjcP1WZopZKqbeLX7qeFnM,9790
5060,999VCvGMHyFXaA3JCJtkcYevRiNibaGu3TcEn2sq9Uzi,9803
600,7rTBbiz3Pv6HhVYiyY12bexAukFhuuDvSahUeHL3pCKX,9818
9283,7VZSsgLv66g3j4U7pHFz9VEE8hmLYwscq7pzyyWgaC6i,9833
4846,6dxY9svCHcGouhP61B9j7gwjoT4cZFJEBydCdQgS31mX,9791
7637,GpEyqAkcydsZ9pt4VUodVaCuuryJ48CZQY9Faoq3SUGB,9804
1260,CNpFNVWR8tXnyJohhpT8QjAysuxEzvPdzbBmQrq9txoS,9819
2447,FdGcRxQh2enLPgWrgd9tmwUmuSrqAwR5eGbqrLcEykou,9834
4436,EKqxyEZpP2B6xe611y5JnpsZsDqsuWj4HqpUtiS2yinu,9792
1995,EC4DLozyttq27DedfaCMM6eFjs2u6tkzqj4BFNWQn3xY,9805
1922,6d5fbAFYGeTM9xyVEnYBAKH6DRKwECA3FtFcYjhfWUCJ,9835
8189,EhrCRnHrVjs1pXWWMdYUyd2cbiwgsi5pAky6V5urujeY,9820
1375,Grvq6tgktCtRQkGcFy7UoN425hdNdKs516jfHqr9jgKf,9793
7478,5nDYygF1uyZf449gMrvdMbQHPa9b79hKhZnTzdGMNdi9,9806
2120,9tLdcL3GTGb7rddfhUCQp9AfTQoA3dJgqPe2awFnm6up,9836
978,F1sMGrJkUa1DUp6e8mCnPosSNR2qiiY7mavPgwSGVwTA,9821
8936,4SBu1rssZi5Ervuw4p9Weduq5hiYX5bptXsvyUAD2W4M,9794
1114,J27JW66i3ceLWqLaZBoJc1wpEvZMVfhqyVsskkDvAC9P,9807
1669,HTvhKH5o3C8RYkmGr7LVuGJCy1EVkqworxTekTcmtz7r,9822
8314,FSSGfe1Qccov3TaYEx1W1dEwymGU4G7Xo3LtVKS3XWve,9795
654,9hjz1afxxKs7UvMXx1e7nhHJk633CMomwyqsdZmMRSvo,9838
4005,BbfTAGCPDcibSLNGN7XVsVvD9kqggaJnw4dJMda4Bc3o,9808
2893,8Uo3K9oY31X8jPfR8NvbkT7KhAB89TZ59CxfyuNszbKA,9796
9322,F6iPuYfifojqAp7LgUw6Qc9ABossCczwBA8DP1Qm82jK,9809
317,556ERHQdfWANjGpJm7ebcKGkAm1JEV1vSthJmChF6Yr4,9839
5924,21EHyyJFSGvqEvPJFxKEuzuqDpwh7cw826UtD8XSjnHb,9824
4345,A7nCijzmzXKZn9ZAEfrCzTDqQ2KHKfh5vVXrfNkdA34d,9797
629,B44xyXBssFKsrHkv7N2f2EukmG32gd48XRP7CiujYyWU,9810
3522,5i924qZcGkMD8sy4HCmsPxr5BWaxEbLYbMzRqU55CzJQ,9825
3698,5vUygBzg8LSLFa99SZjn1GZ9WJxdMccPnFr4qJK1QbU8,9840
5399,FeyfN9KR5nWyt3E7PvLsoJ7mHbtPD5DS3nm2cBhinbwd,9811
2153,Egnn3bdC18aenRdufsHZMjcFwxbo5hmX8DnQLJ3Wc2pX,9826
7271,5WcCvEoh2DL9tpNusGtgdCCoxXtS6k29hQPTTbaWxZ1k,9841
5594,G2nUCPwYKREQmNRdxnVF4wkPVsrmHRiQTxXncZLccw84,9846
9441,3XkbSdnnmW2EM9k9MzSrzH4bjFZVYt8MgNS4n9GyTXWP,9812
7665,EhS6wqFZBNZVJrzmmKFahPnqF8TiAAHkBK9AFja7SxYi,9827
7893,GFGUByVu3yvGjnph4t49LVeyidZ2Zw9ycCbcT12mg8LH,9842
6153,5ze6US5n5Fnk1xW3CFQf3sCt5BQTvsqHetrMhf9Pt1py,9847
6975,AxxEGrAGv6zMFYm2psKfWEALR9mJzYDVwnbX1mopttqq,9813
9451,D2A4tRGtZp3gguxakSFLdZsNgWLbqrMPWPoFBpi1PE35,9843
7143,CJKQeLniwLatLYtUgrn4BwEq614HxU3D8uPnhEbiw7Zk,9848
6458,79Q4xovT6yKPLuxKFKRg7Hek7G8RSRpV29oAy1ybLcYq,9828
3844,79UKEjDzxzNeujsHKStTu9ymftyiWNFBJF5WpJhwNuAX,9829
1414,B95HJ8rJfm367xsAY2Q7E5gHafTBwdkqz9FuVy8CPA5u,9844
9089,BfCEfThvsZZ2biRz4TLzmPVb7taJNo26Bsb9pk6wH1Aj,9862
3052,CACUEZXY5j6v2wDZK5uyCBwGppffhEwh3krJnjYTV7dS,9845
1748,CugDXkHJL1Yi4BaxEsYvwK5X3UJ6rMVyeBjrkWKEtLR8,9850
1281,Bqs7YyFVFxCLUWi9Ukrbi5iQVQ1bRJ9xyd6BfJY85Vqy,9863
7481,68mzjj8is5MWQcmJ7qd8dDg4Zv9WjFz8dhJRuyr5sf81,9878
2376,4SV93CAzWB2oQV2d5wMJpYzL1aesZKnUcixrjKxGMFnS,9851
2456,Bs5a6vMgExkbRW7rzKvPRXpyA97DkX3Zz3vGs8b5NKG6,9864
14,DBVRYnNE26mJVv5Rm7ehMz3wDubZdhjAYkHdn1URiRw2,9879
5149,46yenwynySaXi4QuBpm8QVt9wFD5oZmT2LPerLw8VxhT,9894
5803,HgDDDJrmencgmUXZ5pEbBYX2tR5nMsQ6ofYQU6gqZ4GC,9852
1136,7Thz5vBFekvTNfa1WuUXVmaR48SxRKeiXuE5kPkPa89A,9880
4412,HXep1D6dpd3kU87zvAnadGWqEdafARPj7wiJW742UjJR,9865
1798,T3FiGt1dfp617U1dJjyC2Hq7pqm4PmWNjPrpgcoFpuL,9895
2656,8Wxa86zEBhBDnmfNxDDaD42h78BRAuG6qiXorDLwizBR,9881
6255,3HdE9ZFBzKmFcSSMompVG91cqjm3JqMSkVJqK7oJXdZ3,9853
6531,3cMu4jSDyvKL2iziC5ssU3ZrJpT3Sq24qcqPuMfUqTgq,9866
785,GHtJ5nyeXTTh2uQQMzj82of6h2MswpeRVGnHCD3vAoQg,9896
6632,BySe1dxvFpNPzJwQt6jBQasAuAE5p3z4vpKFq5ThsmPw,9882
6806,HAWC9xD4hRmtg58auEKLvZVE7bR4MFTcPG76xvs3EC7H,9854
6805,7TC4CWxyqprSKEf2Rq11s6ewtgxuE4Xv136yZvoDLtDY,9867
3417,G2QXh6U9Q5S9d6t2HMHcsVpkvkwpU4gX2D1q5thRxEb1,9897
2197,9e8mM1Vxh9VAxPNuaYxRK6j99nPL2AeTHVyENrCErZKS,9883
5337,7yjm9JsdrtckUZPkukReBW4ma1w1kwfr7G9qAe7Zh1dX,9868
912,Fcpsf9aia2M68AxMFeJvJB2zTDyDwKrSfFaBAbNKDRdy,9898
6935,AqK1Qxj1FwgnNZcCzyj3BUcsAyrFfL8HLToh5BjfdtWW,9856
5591,BdGpwHVKuEXYkU3RSHqHFwx7t1pd5WqbrCk7g2qN2mTt,9884
1619,CPjn4VhNNa6L6xtMBEcgsEb3py2NgyMiE3JRvQjmdGG3,9869
538,8LCEBhkJEr7hRycofd5pw8dTaFqkpKAJcbm3SMrThHDD,9899
4555,DiwkYxs4sbsdpk2XH6J4ihrS8PYCVhdpT59PEEvSEyrk,9885
5520,3o39Tdbsecf4inZoDe4Zvi3BzY7UMQvrWGwewH7G9vP3,9857
4648,Fr7rB7xVqHW8HsHmQnsjUucdFaGay9m5ZRB91FTEcm2C,9870
5695,6P6za5zsV2SaaCML1ptGUDJ9ZnK8RkC7d1juAA8TawkR,9900
5751,F1szSPr5soHhhUXo1mvdVNYbUZjWhMuGCtZRnVJ2juUu,9858
1343,6DXJh4t7u4of9bmwuonUuFkzFe6m3seiXT5fHoBFtgYi,9871
7879,3fMZZ7NJ1yx9yFGWij7pW61VDJdbVyutwZRReGLfP2pj,9901
5197,DvBpKunbXgmLyGjCPViZpqUkQe7YTUQsHZ3V4cDNctvb,9872
601,Ei3SyH4Y17trB8mTgg81zhWN6DPCLmDi5HTuQ1VRXodg,9873
3140,7sKC2T5JzzaoFvN5955hh84TeYqeCJHBKSSofnb4WnJs,9874
9524,8MN4WU3kuxfd9FxRLjz21PyoTWBNmoUDmfBYju86rKwP,9875
3528,5aSxkssCVsTmQ38EjL6qe55YCQMnkUPF71qJiTTK22d7,9876
5762,GRnWQzdJJ26NJM7qaXy8zP3Z6jDyVtrwoY3rCSoqza2v,9877
3349,6TtnA9YtqgVy2hqA27xtNPuga4F3Z8E99LucZc2Ne1Bh,9910
9394,9NuT6ygQuQs7PitXuhkQ1XSjhbYFLp8cFiMq7m2qP6iX,9911
9121,4Nbua4VoJVHQCGyPMmwmWt8cvfyfrUGSVHFkvG9MJbbm,9912
3908,6HvTB3dC2Hhk2yPrTkQm9KnyyvJAgZ3xKu8rmcJCrGAt,9886
1566,Eepydjz7kCPw2pUEVsEpyAsGxgsEdcKh1JmDT6jZXVxk,9859
1220,6ZZwcrJ13q2PU52hR9frzveizRjrsgY5Qqub1YvKPqht,9902
7461,4KwsfHvFhwxE5JN8LfrajshpgckLAwzBPkrtKANeHvHM,9913
6673,HqfNsXit3mysrNWTUzn55CaiZjWWUQzcAySYXsiXLBvi,9887
4745,GJMXut1mL5ZEL2m6SDuYfFt5oBEKfdawE5NzFgwtnXee,9860
4433,DQMNDdGNzB88sND3yxE2or8dw64qFcHvh11q8mF8wZ7M,9903
2971,HV93qN5kuZDUaeexh1q4p6Yjb4eQUdLL9WvZVZpF1sQN,9914
4751,FRyHHDnjBVjdJmnUxk22aJe8BpypduhMsH7coDzsQUBE,9888
4283,8bdH3R5voNRbfXUFbP4GeZtDfhcGfnxQPbMhFhchGSyC,9861
6116,39sJKwmFxRSNQokdkzP8C3KGb1CBsAozNQgRMFukFyLU,9904
8145,HhVEoFrAqFN3tg4vfVfFX4Qdcz2Hm24SZLem2TMuYeHh,9915
576,BBMp4ndzeEvgPGrKN8kPnsB39zWU97QnA12J42fRLyPY,9889
7153,8gW4pAKJebumnQcFc4x2yLntSFLPW6KA4Rduy7EZT9fx,9916
7202,B51rugJuXDQYsgNhyXdSq3Xx5QTBmyKTmic4F7dhHwQe,9905
6254,3GYdgs5K5kK96KkhnTyDcMpZWVRe2Y2owX8EBys8W3h7,9926
1682,PB7pfWpofSmmWfuvvSj5UBTUyyptegtLjNuvjEXssyH,9890
3132,6qvMb49XoADfpm9NSTiPxzgjkqA1p6Jaax5SDVaRVpTR,9917
3949,3GEVoPyahHq52Z9MC4eLWqT41GTyxrbSKawAffsZPTvr,9927
2806,5Xb4Jy5s6pqrRgF5gDAEhH1KFfogDzDmhnd2uDDeZA1o,9906
2059,8JrHxQ661Gn25ijxU5PQ2G7VRiDMyTjemVQmsH4snGhi,9891
6704,3xLeWRvXDwhM4FMm3w2JvrRSHM71ytrJxigT6KAmC3uk,9918
2265,14F4mnimHWecGSs9JNqa9A2kLihz7HwKJee3frEioqWx,9907
6138,4qmZ3wrdPKKoN6QsqHmqZhKxHtqEsKidem3kKSQ1DWLG,9928
6696,AB4cgnAbxtSVDvYheuUTzidXcqGiuUku84gaYW9Wnx6z,9892
1483,GnBJiRbuJhB9dHRtkw3io2brnGreus7rFNNMGmT9tnfj,9908
4870,3UTxw1kcjUJuuwg5eYoXAgV7jeeWgpt3JZg8xX2JMiQd,9919
7667,G578V8qVAYEa4KMZ72eQhyP2M5ZcfAW9PTKzd1JghfcY,9893
9029,8MYDyiSB1JKnLHNvzovb19KkRLxQs3ifJCUjsxR8qPJ4,9909
2145,AcJPHG4Tm79zriRxLL4ZsTTcd2QLoJLPwHads1aPefsy,9920
894,FLg8ERViWhjRkaSjimBZambLy5mcM27k4XU1nCLQJZUn,9942
3576,bvKbDLzTDLXYb4evHE9sAaiAyco4izfkgcgsEJjhcE2,9921
9039,ByRfR5QGnJk3MaJruaUJ66zKq16MQb5qEtbafDQdvkrZ,9958
744,D7gCa5BhYTB7CziRQYujj3WHgx7W94h4oc2zdYQP8tMC,9943
2554,SysXwqWukvoJHhCPeZ4GumGhMZe3y5nZRu6ptM9VrfQ,9922
8995,678GLutfUMKUyLMdVMdWtWLxgrh7Hb1ibrgWEBk6EfyS,9932
913,5HMiAX4ku9nqsUdMS8Gju1H5wsoxaZj3qQakoB6DsmxC,9959
1908,5AhsMye4B4igjS5b9qefN1pF2dwdu8tMkYsZqHand6By,9944
1251,AeHfieVTJkshyqxMyD4AftAH2G9PnaKxrCzFTSoFgmgb,9923
7292,7AqxfTuU5n7hj3MLVSjGtLLLFj68YJ2XNoWsTpkgjyaW,9933
3736,2U1CBandPKvu9La4hLNbgTLkEXpwiaDtueeVEGtwFh4p,9960
916,F6bEZkq2nc4CgiwC71C2bXCjdkeaJwyDhNfx84fdWtXj,9945
7054,3dTLp3aLAo4AX3rpcKJQNRs7cu33dS2No1UUMmRizwUF,9934
3734,8rJUxWDazcrSUFQVgsZwpwJFbLt1fQnpdaHq3w1erHiT,9961
212,J7f1EkrHKU7Bgi9k1J95q48c9EsSUyTMfewfEqyN9qdq,9946
6827,Cnm5Yc4zy58mGdMKvrmR6pebTsW5aa6sbcxjSN5rZQhQ,9925
4910,BFnPreyQUjNUHfwKnz8CY9NhZb7KC1GY4WUqnmezj7e5,9935
4965,E7DN9QbWvDQ6WwogZ4U7iQTMHCtCsYEoZFdsd7Ls4v5b,9962
18,82FYMhxig4QcKTrLtp8VBgdeUwHWNnCUBWgohpqmwtf8,9936
2022,9CnBWEhnzqkjuBnnpsSscpHtjcMrM8vxeQNv6F1jtddi,9963
9094,C8gaLtnJtbXQiTbmy2A8iF7xq8ASC2mkLEfVx6oVUHLr,9974
2384,J8fUDvbNXcQPAFH5yLiYhZN7V5XYXWrh1u7P8Tvn6PTc,9937
768,8s6a79v8sff1u8pPNF8XNGJ1Av3Vv6x8m38s13rgf7xn,9948
5308,4pTV9poFQAkHqVq8wnSieeQb3awGsTSjLwPLC8mduENz,9964
4793,CBKof3v77kBpZ6BUd4a8ySeejit9HDwo9dScJQ91mwsh,9938
1844,81ESfqYh8V4syCPTfyGhcQa1S5sPH8jKNAoZ8LG8LhYq,9949
1863,6goCy42uNFcrRxLJBHCT46hi8KVUQA3oASez4niEHkB5,9965
5749,7afCHs76kH2Jut1KXojKXXfSdduMLv9NEn7ipVXX9uN2,9976
6037,2oWe137zBaCobD1jUTfi9aJCaM2B4k8EzYiDraFX93AM,9939
7269,HobhVszHYnHc7pAXLZBHX3D9BhSCSNVbrXt7e22gNG1r,9950
4660,4Ce8coL8wAsv33Qp8EBsMsNGUumCt2VmKP5GUBmHnU98,9977
869,3RtH1YcWWxbiLkCDice2cHDbTgyc6z3yifdTyWUSsUZ5,9940
1786,7b9oX3yETtyHtfep4z4qCkLECEPyQQQhvVuCcZ8XG5Tb,9951
6340,849BsqCgABTA5skeNkuH26kMrPrNvkrLP4C76K2YwDsM,9978
4034,b46vCzZFH82TDJ6HRUSWMJkx83yaCzCTFKjmWMKZjNo,9941
7626,9kHFTeDqJVUwybFpdTLD7mWc8NrZHKP8nJGsA1oCk7gP,9952
1746,D1puiBCscnBeNSzWqnmmn9DgB9Q7jKgKFYYTroQvux4T,9979
7305,6q2VdiBT1JiPWAhSyroAf3eBf5EwNEDVWfnVpQUrtVvE,9953
3955,7oCXU61dE4RTjw4ZjwzsVxrJg67kbUTrwa1Vggjn8dz3,9980
4492,8rt4WEPK85ybGqBdLQK5nwdbRj7U5d4swL4NJkKUDSX3,9990
4198,9qsy6nGzkKR7FRVgTX9oeUVuTYc6oR6WaPy3QkAFknAi,9954
1416,D21kaMQFam7T4VqGRjDQofGJ6ppMzVk8qhfoxxbDRpB8,9981
3466,3v6jN3wW8HZUFRyrDUd9B9zWfcmoumq6LzeYffZAgQBa,9991
2053,6ax9rTqiRG3FYKXsb1nKwoCdtp8CcBoFgKT528exvRAx,9955
5382,F5xXAHZHgcQLzgf988hsHgawUjNNxsdWHcqibKfkBAzo,9982
6505,DVJJQaGrEZ2fBzbjnqdpakQMt6vAAtVDkdz9FHgmL6qC,9992
3891,9Jq6iHn7hcx13et9UvXLFUsyb8mTFEqedbqgCzELMKeP,9956
6072,FUXbVsYG6aigXZxNfdsGT4xhkGmGhkK1BszwZ49jFDaL,9972
3100,CXZjmDH5WyyHf9wX3Vh2vAS3H7dbX9CKK2g2m9phFu1S,9993
4766,B3nbegCjShx3qYRvnQbmosMrRpiT6H1HUYVVo85btpCC,9957
1187,2RuCVTXsqWq7Qnmu75j66ox2u6qMEQwXRxzFhrNvAnoC,9984
6140,A64YqjdZCz4THuJrv3B3fjQNZib4BwuTxeDKVXuoZBKh,9994
2454,F674LjLynyqhAfdUVXKASKjFGwQk4VgjDmyyJUB4SpgJ,9995
5013,Ukr6pvwyBPJLvzKbUJRk2Q3sbdtt2hMSfb7RzFW7qEP,9985
9247,7zmx1dKKMBPuCagxhgDVDUGhQsxv11K2xeQr47ZtbnCX,9996
5198,kyN9URTx2fB3BpHjtXbyHULDkaQBRqikzwX2kXzEr8m,9986
6240,82DdGB7WJe6A1TFD83qSrnbUTC1knBYYRJAUFAKRdoSj,9997
1036,FMiCEEw5waJGFqc7RJRWAMjesSvNEoo3FxnmAGesGZnj,9987
7827,5Z2CfK7EBPmao5cyVQjKbkeub9s7fHpMn2Z5F4MWy2qu,9988
3780,5CeqNLmgyMfRTLxeLaHwTB478a97i1YfRwnSBzAPVpTk,9989
4129,H8weySuXPXUDXNCBUv8FBoqAG6xAstJUJoRyZY2Er46f,9035
2736,2ewri65zEA9Tv2wCwNGdwyDH32ndr3QopFGXyqx5Mp5J,9134
2090,GEtytMoFEeQHTyeVKVyfYTcxhWHxYainXHgpgJEiZyZj,9208
4395,Gum2U7VTdNW4RcjJLHcWNZ7dCqJsPDKemCBfnuZTr3HQ,9215
7363,AvHuTaXXAbC181eHZig5kmYpYK12HZDNZGU3AAPFixwp,9261
6887,GeXx67cgjXUQ3XYqDUxgah857jscP1ht2S2duSFD76yt,9327
3665,FJccXeAVQ8UwgzAArKyRQG7ynW9v93jz3iXVTvjCNkw1,9344
5419,EjMsNeqT5J4A8EWUvTNDUde9nLcLjygUT6M7SFF3Y5HP,9450
2855,EJP4tDJeL5G6qy7XsQspoNZgHxrTJc2sv6aLoQFeK6C7,9430
5158,HdGexSrjHQYH44iG4tSqnjprqFKbhrNzoCRbc6dhAUS2,9481
3595,F6Mn728ww7hADApBXXNVzWrR6iPL6pimm44EiKU9aCRC,9716
2288,4rStiWmZETms4QRYzx1VoK4MuW2vhLuQ793j2hUFFn88,9730
5130,GHvQ5uYi9CWFg6Rc1XPWqPAx51sbaw7MS9vDpDPZ9Wyg,9779
2317,Dunwr5H8LKSgCwszLUH6yE57vf4Rorc1RhnvGurewyr5,9786
5804,FH6h2ajKALft5qorgzoAXaVQkAeXv5gvmsiE1Th6DiWm,9823
7616,GW3R8zBAKrX9oFP5kTD1mMEWnaPLuZBR2MLXHhiU1RnE,9837
6438,4sQosAhhVeedeCW4c8YiwnTrkjkVG3BsmQPfifJiL7n4,9849
6203,CLph2ECBA4HFQ8cEunbZ2NnViHqrPXyKz5mi9CLopaKk,9855
9158,3nu2tr3K5wyEqsFrdGnj44WqxZgMNWtrd4m4yJGZ8Gv3,9924
4929,HgTgwy72mgA3fhpJG9R4jnYuHsBe72NsQHf8ipa1gc6Z,9929
8886,prMmhmR4taYKUg6xaZV3KwCJxkhyjhjG4baiS8zhoxi,9930
7556,831Jyy6sL3gt5Cvk3jZm4S2sNen6ykWyyK1t9tH7uBav,9931
2756,KJgAcUD7AySMkYGPS7ttbfosBNm5tbrtnGnvorfToq6,9947
7195,2Yy7rdCVboiTm2bRpgwbghi4URTRMuDmDCixPhrrL1Ua,9966
3258,7aNTd9KiKN97T8AZdMnKPst9hxDc3hiq1nfqC65tPTLq,9975
8577,FaKjpMXMfVdF2VDxFEQNpMd57WzcvcePnmB5QcowumCf,9967
4132,2BNJFRoT8Bdiq3dkFn31GbNh3UNj2VSQzUykC2f4FT81,9968
1521,B1ihRGHRpDUd9XMyw89d98UrdC7jbwu3mTLWYk2icZbA,9969
4117,6Voj3h9E7Xc8R7z61SEVKQ9MAS7Kb5qWSemSiDiV2W25,9970
2350,6hN6w4AkuQEYanigPnHT9fvqcjm1jL9mYR6xcb2TnR9M,9971
827,CzLZGMW4arr7D2c2R6ojyeL15b6CEzdUR9HdpAe1dHP5,9973
7967,8dsZWJmKDwwiZTBRvSDCKEX9xsmcVsec9YfzReKcM4r5,9983
6226,ATERKicCW3AbpVjq4odKy9o4BJ73scgYUJ2AnMmPTqRo,9081
